Player,Team,Pos,WinScore,Efficiency,NBAPER,WNBAPER
Monique Akoa Makani,TOT,G,1.2166666666666666,6.766666666666667,7.8697243491577344,6.736847932618683
Chloe Bibby,TOT,F,0.7222222222222222,3.444444444444444,7.978598130841124,10.4189
DeWanna Bonner,TOT,F-G,7.083333333333333,12.714285714285714,13.999884444444447,16.217148888888893
Lexi Held,TOT,G,0.9761904761904762,4.476190476190476,8.874372093023256,9.930496899224806
Haley Jones,TOT,F-G,1.75,4.2,13.794303797468357,14.220039240506331
Betnijah Laney-Hamilton,TOT,G-F,1.3833333333333333,4.766666666666667,7.282566735112938,7.276415400410679
Ta'Niya Latson,TOT,G,0.6052631578947368,2.3157894736842106,12.545000000000002,12.164937735849056
Anneli Maley,TOT,F,0.09090909090909091,1.1818181818181819,2.605609756097563,-3.9528073170731695
Kate Martin,TOT,G,0.9736842105263157,2.631578947368421,9.549520547945207,7.957941095890411
Aneesah Morrow,TOT,F,7.166666666666666,13.333333333333332,16.377145242070117,20.052706343906515
Ndjakalenga Mwenentanda,TOT,G,-0.07142857142857142,1.0,1.1264444444444477,-2.545766666666666
Aaliyah Nye,TOT,G-F,0.4,0.8500000000000001,10.165964912280701,14.483285964912282
Amy Okonkwo,TOT,F,1.8,4.4,14.910600000000004,17.840500000000006
Kelsey Plum,TOT,G,5.823529411764706,19.235294117647058,20.042254335260118,23.59458400770713
Saylor Poffenbarger,TOT,F,0.5714285714285714,1.1428571428571428,0.7889795918367354,-1.8927326530612234
Jaylyn Sherrod,TOT,G,0.42307692307692313,2.307692307692308,7.501515151515154,5.626980808080808
Sug Sutton,TOT,G,1.1,3.92,10.403696498054474,12.292985603112841
Grace VanSlooten,TOT,F,1.2894736842105263,2.2105263157894735,15.497872340425532,15.33475106382979
Shatori Walker-Kimbrough,TOT,G,0.8,1.6666666666666667,15.432608695652176,17.71498695652174
Maddy Westbeld,TOT,F,0.0,2.4000000000000004,2.9518333333333344,-1.5415999999999983
Kiana Williams,TOT,G,-0.29166666666666663,2.4166666666666665,5.073483870967742,6.331932258064517
Kayla Alexander,TOR,C,1.875,3.5,8.361,7.157650000000001
Julie Allemand,TOR,G,6.287878787878788,12.121212121212121,11.992968917470526,12.65343376205788
Rebecca Allen,NYL,F-G,2.7241379310344827,6.068965517241379,9.510722433460074,9.12102927756654
Laeticia Amihere,GSV,F,3.0384615384615383,5.461538461538462,14.842472647702406,14.661700875273525
Georgia Amoore,WAS,G,0.6022727272727273,6.113636363636364,6.411627218934912,6.09251932938856
Nell Angloma,CON,F,0.925,3.975,8.884186507936509,7.421023015873016
Pauline Astier,NYL,G,3.875,11.318181818181818,13.507974683544306,13.033612755598837
Ariel Atkins,LAS,G,2.988095238095238,9.404761904761905,9.978882978723407,9.796665957446812
Shakira Austin,WAS,C,9.825581395348838,18.883720930232556,18.83400790513834,23.481437549407115
Valeriane Ayayi,PHO,F,2.3,6.314285714285714,10.859911971830988,8.358354225352114
Rachel Banham,CHI,G,0.7125,3.7750000000000004,7.387781818181819,8.919445454545453
Ornella Bankole,TOR,F,1.5357142857142856,5.0,7.185410628019324,1.5270159420289853
Sarah Ashlee Barker,POR,G,5.269230769230769,12.0,13.194283489096573,15.490675700934581
Raegan Beers,CON,F,2.25,5.947368421052631,11.54187891440501,6.768211064718162
Kierstan Bell,LVA,F,0.46428571428571425,1.7857142857142856,4.094407407407409,3.595196296296297
Lauren Betts,WAS,C,5.193181818181818,8.954545454545455,15.533230373230374,17.721885842985845
Monique Billings,IND,F,5.325581395348837,9.511627906976743,15.363987577639753,14.735831677018638
Isobel Borlase,ATL,G,1.2954545454545454,4.4772727272727275,9.451346153846155,10.6250013986014
Aliyah Boston,IND,C-F,10.4625,20.125,22.113804247460752,25.897394921514312
Cameron Brink,LAS,F,4.17741935483871,9.838709677419354,15.040857142857146,14.46333697478992
Noémie Brochant,PHO,F-G,2.9186046511627906,7.093023255813954,9.069308983218164,10.733875320829222
Kalani Brown,LVA,C,3.5,6.666666666666666,41.614444444444445,47.96278888888889
Lexie Brown,SEA,G,1.6500000000000001,4.2,7.40081081081081,6.689372972972973
Paige Bueckers,DAL,G,8.416666666666666,21.666666666666664,20.87922965116279,26.523892732558142
Frieda Bühner,POR,F-C,1.782051282051282,5.564102564102564,10.195422885572137,10.803875124378111
Kennedy Burke,CON,G-F,3.5135135135135136,8.054054054054054,11.649954597048806,14.341249602724176
Rae Burrell,LAS,G-F,3.2674418604651163,11.13953488372093,13.21293548387097,17.191770967741938
Veronica Burton,GSV,G,6.704545454545455,15.75,17.61820492454329,18.905254249404294
Maya Caldwell,MIN,G,2.0795454545454546,4.886363636363637,9.576772655007952,9.758931796502388
Jordin Canada,ATL,G,6.27906976744186,16.0,15.3943423019432,16.409086846038868
Emma Cannon,LAS,F,1.1111111111111112,3.5,11.878970588235294,7.539414705882353
Kamilla Cardoso,CHI,C,9.779069767441861,18.813953488372093,21.576713409290097,23.72129263803681
Bridget Carleton,POR,F,6.4375,14.125,14.513854251012143,17.748697570850204
Raquel Carrera Quintana,NYL,C,1.3541666666666665,2.583333333333333,10.774838709677418,8.918448387096774
DiJonai Carrington,CHI,G-F,0.8636363636363636,5.7272727272727275,9.428314606741575,10.591315730337081
Chennedy Carter,LVA,G,4.0,11.076923076923077,21.97059090909091,25.053218181818185
Sha Carter,PHO,F,-0.07692307692307693,0.9230769230769231,3.450987654320988,-0.9064086419753092
Emma Čechová,MIN,C,2.6666666666666665,8.0,12.429423076923078,9.318900000000001
Kaila Charles,GSV,G-F,4.0,8.454545454545455,11.04644943820225,10.964652808988767
Kaitlyn Chen,GSV,G,1.8295454545454546,6.5,12.850564635958396,16.41407087667162
Shay Ciezki,PHO,G,2.5625,8.125,16.00832,14.853380000000003
Sonia Citron,WAS,G,7.0375000000000005,17.325,17.420583775587566,20.20467710386657
Alysha Clark,DAL,F,1.1833333333333333,3.2333333333333334,6.331520467836258,2.2281982456140375
Caitlin Clark,IND,G,6.5875,21.325000000000003,20.341953376205787,24.18629549839228
Natasha Cloud,CHI,G,5.4,13.9,13.859387755102043,14.133230079858029
Nia Coffey,MIN,F,5.329545454545455,9.136363636363637,12.17437308868502,12.925240468909278
Napheesa Collier,MIN,F,9.40625,18.5,19.320383795309173,24.85981684434968
Maria Conde,TOR,F,3.457142857142857,9.028571428571428,8.481796536796539,10.14609696969697
Zia Cooke,SEA,G,0.23170731707317074,4.585365853658537,8.971168831168834,11.056870779220779
Kahleah Copper,PHO,G-F,3.8000000000000003,15.200000000000001,14.81157934700076,18.571542369020502
Aicha Coulibaly,CHI,G,2.6166666666666667,6.033333333333333,12.540098280098281,11.270914742014742
Sophie Cunningham,IND,G,3.558139534883721,8.046511627906977,10.80963389121339,10.939621757322177
Damiris Dantas,IND,C-F,0.5416666666666666,2.833333333333333,6.643469387755102,2.2968591836734706
Antonia Delaere,MIN,G,1.282051282051282,3.5128205128205128,8.474912663755456,8.314533187772925
Skylar Diggins,CHI,G,4.157894736842105,13.26315789473684,14.80142857142857,17.53734484629295
Stefanie Dolson,SEA,C,2.0568181818181817,4.840909090909091,7.625471124620062,4.212744984802432
Angela Dugalić,WAS,F,1.75,3.578947368421052,9.967401812688825,10.398869788519638
Kara Dunn,PHO,G,2.5,5.75,13.151666666666667,14.202233333333336
Aaliyah Edwards,CON,F,4.433333333333334,10.933333333333334,15.552443365695796,18.17537249190939
Emily Engstler,POR,F,6.534090909090909,12.590909090909092,15.058599078341016,16.41041152073733
Dana Evans,LVA,G,0.07142857142857142,2.7857142857142856,3.4669626168224292,4.999928037383177
Temi Fagbenle,TOR,C,2.64,6.5600000000000005,9.834144144144146,9.584800900900902
Awa Fam,SEA,C,5.851351351351352,12.0,12.436269531249998,14.342034765625002
Mariella Fasoula,TOR,C,0.0,1.3333333333333333,5.272000000000001,-0.9977666666666634
Marine Fauthoux,NYL,G,1.8333333333333333,4.904761904761904,9.790615384615386,10.411476923076926
Sania Feagin,LAS,F,-0.16666666666666666,0.6666666666666666,-1.4330000000000007,-13.551100000000002
Leonie Fiebich,NYL,F,3.6666666666666665,9.285714285714285,9.755157545605305,10.08344394693201
Nadia Fingall,GSV,C,0.8500000000000001,1.5,16.030625,18.7929625
Alicia Flórez,WAS,G,0.4857142857142857,3.4857142857142858,6.669645390070922,5.992800709219858
Alex Fowler,NYL,F,-2.75,2.5,0.40516129032258313,-8.508196774193545
Azzi Fudd,DAL,G,3.8833333333333333,10.966666666666667,12.631968421052632,16.42519473684211
Rebekah Gardner,NYL,G,2.8095238095238093,6.452380952380952,12.928028846153847,13.104637179487181
Luisa Geiselsöder,POR,C,0.9761904761904762,4.476190476190476,5.265488505747126,3.1049919540229896
Allisha Gray,ATL,G,5.943181818181818,16.545454545454547,17.05015341701534,20.048195676429568
Chelsea Gray,LVA,G,5.720930232558139,14.976744186046512,13.229822190611664,16.12564964438122
Chance Gray,LAS,G,1.0,3.0500000000000003,7.193159041394337,7.527483877995644
Zaay Green,TOR,G,-0.6428571428571428,0.8571428571428571,0.30000000000000293,-0.4631895522388049
Aubrey Griffin,NYL,G-F,0.125,0.5,2.9475000000000002,1.59265
Brittney Griner,CON,C,6.527777777777778,14.222222222222221,18.540549450549452,22.490548351648354
Aminata Gueye,GSV,C,-3.0,-2.0,-29.589999999999996,-49.076100000000004
Megan DiLeo,POR,C,6.304878048780488,13.439024390243903,17.901579476861173,21.071022736418517
Bree Hall,IND,G,1.6,2.6,16.232592592592592,24.365566666666666
Dearica Hamby,LAS,F,8.642857142857142,17.428571428571427,18.237782392026578,20.700536212624588
Eliška Joklová,MIN,G,1.0,2.619047619047619,12.989285714285716,9.57684642857143
Rori Harmon,WAS,G,0.06666666666666667,1.2666666666666666,2.383684210526316,-1.9422842105263158
Isabelle Harrison,TOR,F,5.78125,12.9375,15.54262187088274,18.411574571805005
Jordan Harrison,POR,G,1.6875,6.9375,12.09880530973451,10.388546017699118
Tyasha Harris,IND,G,1.8205128205128205,4.923076923076923,10.78704887218045,11.4870015037594
Tiffany Hayes,GSV,G,2.9047619047619047,8.952380952380953,16.476516853932583,17.457874719101124
Natisha Hiedeman,SEA,G,4.2125,13.75,14.233956594323876,18.349801502504175
Naz Hillmon,ATL,F,4.825581395348837,10.30232558139535,10.550444983818773,12.142031067961167
Myisha Hines-Allen,IND,F,2.7236842105263155,5.921052631578947,9.247666034155602,7.488729222011386
Emese Hof,MIN,C,-0.3333333333333333,2.0,0.9057142857142835,-5.515385714285715
Joyner Holmes,SEA,F,2.5,3.0,6.299333333333333,9.7029
Mackenzie Holmes,SEA,F,3.413793103448276,5.482758620689655,15.18899653979239,13.691944982698963
Jordan Horston,SEA,F,2.5,5.675675675675676,8.31255778120185,8.655756702619414
Natasha Howard,MIN,F,10.022727272727273,19.704545454545457,22.053322658126504,25.092070536429144
Rhyne Howard,ATL,G,7.313953488372093,17.25581395348837,17.22127038043478,20.30915815217391
Lexie Hull,IND,G,2.375,6.068181818181818,8.049633699633699,6.156970818070818
Sabrina Ionescu,NYL,G,3.870967741935484,13.096774193548386,12.945779220779222,16.673218181818182
Kiki Iriafen,WAS,F,9.195121951219512,18.024390243902438,18.107504332755635,20.803241421143845
Ashlon Jackson,CON,G,1.2105263157894737,3.2105263157894735,6.45785440613027,7.998938314176245
Rickea Jackson,CHI,F,4.25,13.0,15.587711864406787,20.82059491525424
Aziaha James,DAL,G,2.0384615384615383,5.9230769230769225,14.79839479392625,16.739030151843817
Gabriela Jaquez,CHI,G,2.564102564102564,6.897435897435897,9.831681997371879,11.500542575558478
Justė Jocytė,GSV,G-F,0.5,2.5625,8.796666666666667,10.550837984496125
Marine Johannes,NYL,G,2.6707317073170733,7.609756097560976,10.954521212121211,13.528827272727273
Flau'jae Johnson,SEA,G,3.964285714285714,12.833333333333332,13.376353820598009,16.561782059800667
Raven Johnson,IND,G,1.2307692307692308,3.7435897435897436,8.530588235294115,9.018147058823528
Brionna Jones,ATL,F,6.277777777777778,12.11111111111111,20.908684210526317,21.32811052631579
Jonquel Jones,NYL,C,10.69767441860465,18.906976744186046,18.89134377576257,21.099608985985164
Dorka Juhász,MIN,F,2.880952380952381,5.19047619047619,8.629281249999998,10.301775
Laura Juškaitė,TOR,F,4.318181818181818,11.568181818181818,12.779499105545616,12.796001967799642
Teonni Key,TOR,F,1.294871794871795,2.8974358974358974,7.416235565819861,6.05767598152425
Liatu King,MIN,F,2.333333333333333,4.25,15.142285714285714,15.06851904761905
Gianna Kneepkens,CON,G,0.7916666666666666,3.3055555555555554,8.482207084468666,7.087755585831062
Sika Koné,ATL,F,0.19999999999999998,1.5142857142857142,5.98735632183908,2.383095402298852
Anastasiia Kosu,MIN,F,2.1333333333333333,4.566666666666666,15.275504885993485,15.339323452768733
Awak Kuier,DAL,F,5.134146341463415,8.24390243902439,14.835706806282722,16.57798376963351
Leïla Lacan,CON,G,2.1666666666666665,10.466666666666667,11.380238095238097,13.509935714285715
Kitija Laksa,DAL,G,-2.125,0.0,-4.683249999999994,-6.2053499999999975
Charlisse Leger-Walker,CON,G,2.0795454545454546,7.863636363636364,8.408347742555236,8.976402401536985
Carla Leite,POR,G,3.769230769230769,15.282051282051281,18.15010848126233,19.60846607495069
Kyara Linskens,PHO,C,1.7105263157894737,3.631578947368421,9.903069306930696,8.426870297029707
Darianna Littlepage-Buggs,WAS,G-F,0.75,1.25,24.072857142857142,33.94461428571428
Jewell Loyd,LVA,G,2.2738095238095237,7.0,8.006023875114785,8.563950505050506
Marina Mabrey,TOR,G,4.984375,16.46875,17.726959745762713,22.34002288135593
Natasha Mack,PHO,F-C,8.527777777777777,13.916666666666666,19.255349693251535,21.271513496932517
Ezi Magbegor,SEA,F-C,3.6071428571428568,8.214285714285714,11.101818181818183,11.706242657342658
Taina Mair,SEA,G,-0.75,0.30000000000000004,-0.521176470588235,-1.9224725490196066
Dominique Malonga,SEA,C,8.457142857142857,17.742857142857144,20.085740540540545,25.550878378378382
Morgan Maly,CHI,F,3.5,6.4,12.083142857142855,10.91347142857143
Rayah Marshall,CON,C-F,0.8333333333333333,2.0,10.935714285714289,10.16347142857143
Kayla McBride,MIN,G,6.8977272727272725,16.06818181818182,17.356137980085347,21.151069274537697
Teaira McCowan,MIN,C,1.1,2.5,4.58779411764706,-2.015511764705882
Aari McDonald,MIN,G,0.0,4.666666666666666,10.499565217391304,10.561726086956522
Cotie McMahon,WAS,G,2.214285714285714,6.5476190476190474,8.791277372262774,8.7277199513382
Jade Melbourne,SEA,G,2.511904761904762,9.523809523809524,10.992203883495149,10.419055339805826
Olivia Miles,MIN,G,7.8375,20.75,20.428740920096853,24.386244632768356
Nikolina Milic,TOR,C,0.2857142857142857,2.4285714285714284,5.2628571428571425,5.730328571428572
Diamond Miller,CON,F,0.8255813953488372,6.953488372093023,7.813076923076923,7.18192564102564
Kelsey Mitchell,IND,G,6.5,19.454545454545457,21.426769230769228,27.350844055944055
Tonie Morgan,LAS,G,2.125,6.666666666666666,11.64715736040609,12.249103045685278
Olivia Nelson-Ododa,CON,C,6.424242424242425,12.818181818181818,17.372757142857143,17.586857142857145
Indya Nivar,ATL,G,0.45652173913043476,1.0869565217391304,7.7700000000000005,3.91919411764706
Jovana Nogić,PHO,G,1.6875,7.6875,12.241857585139321,12.945370588235297
Kia Nurse,TOR,G,0.9418604651162791,4.232558139534883,8.81140293637847,9.164593311582385
Teja Oblak,POR,G,0.6379310344827586,5.275862068965517,8.937422680412372,11.35856494845361
Arike Ogunbowale,DAL,G,3.9886363636363638,13.318181818181818,14.200476911430734,16.85195071915216
Nneka Ogwumike,LAS,F,11.941860465116278,21.906976744186046,20.52611445783133,26.534404518072293
Madina Okot,ATL,C,2.9166666666666665,6.238095238095238,18.354764397905765,19.509790052356028
Lucy Olsen,WAS,G,0.4545454545454546,2.272727272727273,9.052827586206897,8.725175862068966
Michaela Onyenwere,WAS,F,2.2,7.875,9.592034239677744,9.781246424974825
Ugonne Onyiah,IND,F-C,0.5,1.0,1.8299999999999992,1.025053846153845
Charisma Osborne,POR,G,3.5,9.0,15.589661016949155,15.943984745762714
Te-Hina PaoPao,ATL,G,0.5,3.0857142857142854,7.1821481481481495,7.807616049382717
Cheyenne Parker-Tyus,LVA,F,3.5483870967741935,6.774193548387097,19.475775862068964,18.364762068965515
Jihyun Park,LAS,G,0.8333333333333333,2.5,7.264363636363637,5.532718181818183
Alissa Pili,LAS,F,0.7000000000000001,2.4000000000000004,4.817,2.6211499999999988
Justine Pissott,LVA,G-F,0.7000000000000001,2.8000000000000003,8.547011494252876,8.79924482758621
Tima Pouye,TOR,G,-0.15789473684210525,2.526315789473684,5.562528089887641,2.1230011235955053
Ashten Prechtel,GSV,F,0.5833333333333333,2.1666666666666665,4.158372093023257,-2.787611627906974
Cassandre Prosper,WAS,G,-0.7763157894736842,1.0526315789473684,1.182500000000001,-2.0231879120879106
Nyadiew Puoch,POR,F,1.0119047619047619,4.19047619047619,5.781845161290321,4.313429032258066
JJ Quinerly,DAL,G,0.75,1.5,9.936666666666667,14.7089
Angel Reese,ATL,F,11.104651162790697,21.186046511627907,19.905408239700378,22.006001123595507
Kiki Rice,TOR,G,4.857142857142857,13.928571428571427,15.708656126482214,16.931245191040844
Saniya Rivers,CON,G,1.3026315789473684,6.289473684210526,8.239567757009343,10.370231775700935
Mercedes Russell,IND,C,0.7857142857142857,2.4285714285714284,5.48485294117647,-0.9603647058823523
Nyara Sabally,TOR,F,6.645833333333333,13.666666666666666,18.276806282722514,20.436997731239092
Satou Sabally,NYL,F,2.6153846153846154,9.076923076923077,14.107201834862387,14.80550550458716
Janelle Salaün,GSV,F,4.987500000000001,11.525,16.2158843537415,18.95338979591837
Karlie Samuelson,POR,G,1.578125,4.6875,8.679454191033138,7.187788888888888
Katie Lou Samuelson,SEA,G,2.796875,5.34375,10.474541751527493,11.563115885947047
Madison Scott,NYL,G-F,1.0,2.0,25.848333333333336,36.79723333333333
Shyanne Sellers,LAS,G,-0.5,1.5,1.0071428571428587,-4.317766666666667
Jacy Sheldon,CHI,G,1.4090909090909092,6.068181818181818,8.613219404630653,8.120432524807057
Jessica Shepard,DAL,F,13.821428571428571,24.07142857142857,20.72290322580645,24.538217329332333
Maddy Siegrist,DAL,F,3.378048780487805,7.2682926829268295,15.096387520525454,17.00717586206897
Odyssey Sims,DAL,G,0.7571428571428571,4.314285714285714,8.47576846307385,9.507702395209579
Kamiah Smalls,POR,G,1.25,6.0,12.16,15.797566666666667
Alanna Smith,DAL,F,3.359375,7.375,10.782587412587413,10.5600013986014
NaLyssa Smith,LVA,F,7.7368421052631575,14.526315789473683,18.20558918918919,19.555872972972974
Miela Sowah,GSV,G,-1.2142857142857142,-0.8571428571428571,-16.248749999999994,-17.71026666666667
Azura Stevens,CHI,F-C,5.625,12.40625,13.2209693877551,14.76705051020408
Breanna Stewart,NYL,F,11.13095238095238,22.69047619047619,22.02956647398844,26.71780895953757
Kiah Stokes,GSV,C,6.162790697674419,8.511627906976743,10.884085684430515,10.204605329153608
Marta Suárez,PHO,F,0.4473684210526315,3.052631578947368,6.481966292134831,2.19204606741573
Brittney Sykes,TOR,G,4.323529411764706,15.470588235294118,17.60388,20.99568
Stephanie Talbot,LVA,F,3.0,5.840909090909091,9.499724770642203,9.41793014416776
Sydney Taylor,CHI,G,1.5270270270270272,9.216216216216218,14.129224704336405,17.647336268068333
Taylor Thierry,SEA,G-F,1.4411764705882353,2.941176470588235,8.317454545454545,6.809627272727273
Alyssa Thomas,PHO,F,10.238095238095237,21.904761904761905,18.267365398420676,21.21576288585786
Kayla Thornton,GSV,F,4.113636363636363,8.386363636363637,9.726065420560749,10.286395327102806
Makayla Timpson,IND,F-C,5.616279069767442,9.093023255813954,14.061768292682927,14.148790243902441
Brianna Turner,LVA,F-C,1.8048780487804879,3.1219512195121952,5.4781146025878,3.517550646950092
Courtney Vandersloot,CHI,G,5.018518518518518,12.444444444444443,16.350942148760335,19.020552892561984
Hailey Van Lith,CON,G,1.7045454545454546,5.7272727272727275,10.102693409742121,12.420733810888253
Julie Vanloo,NYL,G,3.6,9.600000000000001,14.162222222222223,12.811616049382717
Costanza Verona,DAL,G,3.0,6.0,35.04333333333333,46.28889999999999
Erica Wheeler,LAS,G,2.395348837209302,9.930232558139535,10.178425266903913,11.069273665480427
Sami Whitcomb,PHO,G,1.0,4.9523809523809526,7.123387978142076,7.034992896174861
Christyn Williams,DAL,G,-0.3333333333333333,-0.3333333333333333,-2.5236363636363626,-0.32928181818181773
Courtney Williams,MIN,G,5.674418604651163,15.0,14.277948517940718,19.135210452418097
Elizabeth Williams,CHI,C-F,3.590909090909091,6.545454545454546,12.589498018494057,14.404355746367244
Gabby Williams,GSV,F,3.9487179487179485,11.564102564102564,15.240184237461618,21.026617502558853
Peyton Williams,PHO,F,0.5,1.0,10.983333333333333,14.432233333333334
Serah Williams,POR,F,2.3461538461538463,5.205128205128205,11.00283203125,9.745110937500002
A'ja Wilson,LVA,C,14.817073170731708,28.463414634146343,29.80129672006102,37.23682524790237
Ally Wilson,WAS,G,-0.25,2.0,3.7681034482758644,2.1833827586206906
Holly Winterburn,POR,G,1.103448275862069,4.310344827586206,10.053969230769232,11.102715384615388
Han Xu,NYL,C,3.6363636363636367,6.818181818181818,16.993018242122723,21.07443897180763
Mai Yamamoto,LVA,G,1.8214285714285714,5.142857142857142,10.512358490566037,11.311258490566036
Jackie Young,LVA,G,8.686046511627907,21.186046511627907,20.21212949640288,25.27364820143885
Li Yueru,DAL,C,2.0606060606060606,4.181818181818182,10.47041055718475,7.911363343108504
Cecilia Zandalasini,GSV,F,1.6216216216216217,6.918918918918919,10.13960170697013,12.494675248933147
Laura Ziegler,LAS,F,1.0,3.333333333333333,9.583103448275862,6.528210344827587
