Player,Team,Pos,G,MP,GS,FG,FGA,FG%,3P,3PA,3P%,2P,2PA,2P%,FT,FTA,FT%,ORB,DRB,TRB,AST,STL,BLK,TOV,PF,PTS
Monique Akoa Makani,TOT,G,27,594,17,70,168,0.417,27,70,0.386,43,98,0.439,44,52,0.846,4,45,49,62,27,8,52,77,211
Chloe Bibby,TOT,F,7,70,0,11,27,0.407,5,17,0.294,6,10,0.6,2,2,1.0,0,4,4,6,2,3,6,7,29
DeWanna Bonner,TOT,F-G,40,1069,26,137,345,0.397,47,177,0.266,90,168,0.536,89,105,0.848,33,205,238,62,44,29,31,65,410
Lexi Held,TOT,G,40,615,10,76,192,0.396,37,96,0.385,39,96,0.406,31,35,0.886,15,29,44,55,20,5,36,56,220
Haley Jones,TOT,F-G,9,72,0,12,22,0.545,0,3,0.0,12,19,0.632,6,8,0.75,4,12,16,9,2,0,7,9,30
Betnijah Laney-Hamilton,TOT,G-F,27,448,5,41,107,0.383,14,53,0.264,27,54,0.5,30,37,0.811,6,46,52,53,10,4,35,38,126
Ta'Niya Latson,TOT,G,17,100,0,12,31,0.387,3,9,0.333,9,22,0.409,21,27,0.778,4,11,15,7,1,1,11,8,48
Anneli Maley,TOT,F,9,70,0,1,15,0.067,1,6,0.167,0,9,0.0,3,4,0.75,5,6,11,2,5,1,1,14,6
Aneesah Morrow,TOT,F,27,599,10,114,270,0.422,23,84,0.274,91,186,0.489,45,70,0.643,69,155,224,39,24,13,42,59,296
Aaliyah Nye,TOT,G-F,20,57,0,6,17,0.353,5,13,0.385,1,4,0.25,3,3,1.0,1,5,6,4,1,1,3,0,20
Amy Okonkwo,TOT,F,5,50,0,9,22,0.409,5,15,0.333,4,7,0.571,3,4,0.75,2,4,6,1,5,0,2,5,26
Kelsey Plum,TOT,G,17,519,15,126,243,0.519,40,106,0.377,86,137,0.628,74,91,0.813,3,32,35,91,17,0,48,56,366
Saylor Poffenbarger,TOT,F,7,49,0,1,9,0.111,1,9,0.111,0,0,,0,0,,1,9,10,1,3,0,1,5,3
Jaylyn Sherrod,TOT,G,12,97,1,8,31,0.258,2,7,0.286,6,24,0.25,7,7,1.0,2,10,12,14,10,2,7,14,25
Sug Sutton,TOT,G,25,257,2,34,74,0.459,7,26,0.269,27,48,0.563,9,14,0.643,2,19,21,50,9,2,21,21,84
Grace VanSlooten,TOT,F,18,84,0,9,12,0.75,2,3,0.667,7,9,0.778,5,8,0.625,1,9,10,4,4,4,4,8,25
Shatori Walker-Kimbrough,TOT,G,14,45,0,6,10,0.6,1,1,1.0,5,9,0.556,4,4,1.0,0,5,5,8,2,0,4,2,17
Maddy Westbeld,TOT,F,8,94,0,5,22,0.227,3,11,0.273,2,11,0.182,4,4,1.0,4,11,15,5,3,2,7,17,17
Kiana Williams,TOT,G,24,310,0,35,100,0.35,19,67,0.284,16,33,0.485,9,12,0.75,1,9,10,29,9,1,20,26,98
Kayla Alexander,TOR,C,4,40,0,3,7,0.429,0,0,,3,7,0.429,3,4,0.75,4,7,11,2,1,1,4,4,9
Julie Allemand,TOR,G,30,859,28,71,131,0.542,37,87,0.425,34,44,0.773,10,13,0.769,8,86,94,166,42,12,52,60,189
Rebecca Allen,NYL,F-G,26,476,12,50,121,0.413,32,81,0.395,18,40,0.45,13,15,0.867,15,48,63,17,15,10,15,56,145
Laeticia Amihere,GSV,F,37,445,1,54,110,0.491,7,17,0.412,47,93,0.505,32,55,0.582,46,70,116,38,18,30,29,59,147
Georgia Amoore,WAS,G,41,943,41,90,249,0.361,60,179,0.335,30,70,0.429,35,41,0.854,11,47,58,143,13,5,84,100,275
Nell Angloma,CON,F,37,440,1,54,132,0.409,5,30,0.167,49,102,0.48,43,64,0.672,29,38,67,30,20,10,29,63,156
Pauline Astier,NYL,G,41,960,36,141,258,0.547,17,50,0.34,124,208,0.596,81,92,0.88,24,79,103,138,34,6,69,122,380
Ariel Atkins,LAS,G,39,1056,39,115,309,0.372,45,161,0.28,70,148,0.473,52,56,0.929,27,85,112,112,65,15,58,119,327
Shakira Austin,WAS,C,40,1182,40,247,504,0.49,17,51,0.333,230,453,0.508,166,231,0.719,75,299,374,100,28,53,115,74,677
Valeriane Ayayi,PHO,F,34,557,5,51,137,0.372,19,68,0.279,32,69,0.464,96,117,0.821,23,71,94,42,17,8,46,65,217
Rachel Banham,CHI,G,38,514,2,64,177,0.362,42,129,0.326,22,48,0.458,15,19,0.789,3,43,46,48,11,8,29,50,185
Ornella Bankole,TOR,F,11,154,0,13,27,0.481,5,11,0.455,8,16,0.5,6,7,0.857,10,13,23,12,2,0,4,35,37
Sarah Ashlee Barker,POR,G,26,642,15,108,215,0.502,36,90,0.4,72,125,0.576,26,35,0.743,21,96,117,62,23,9,52,64,278
Raegan Beers,CON,F,35,414,1,48,101,0.475,2,5,0.4,46,96,0.479,36,54,0.667,42,65,107,29,16,9,32,94,134
Kierstan Bell,LVA,F,27,268,0,19,68,0.279,12,49,0.245,7,19,0.368,3,4,0.75,10,29,39,16,6,10,14,28,53
Lauren Betts,WAS,C,41,707,1,102,188,0.543,0,0,,102,188,0.543,59,81,0.728,47,138,185,44,21,31,36,54,263
Monique Billings,IND,F,40,769,31,92,177,0.52,5,18,0.278,87,159,0.547,77,103,0.748,67,121,188,40,35,19,31,87,266
Isobel Borlase,ATL,G,42,551,1,75,175,0.429,22,66,0.333,53,109,0.486,34,38,0.895,11,50,61,44,13,4,32,52,206
Aliyah Boston,IND,C-F,37,1021,37,235,446,0.527,42,100,0.42,193,346,0.558,105,127,0.827,64,238,302,111,57,48,87,118,617
Cameron Brink,LAS,F,31,595,1,102,220,0.464,28,89,0.315,74,131,0.565,64,83,0.771,45,110,155,46,20,55,75,111,296
Noémie Brochant,PHO,F-G,41,961,31,103,228,0.452,43,113,0.381,60,115,0.522,13,18,0.722,15,69,84,76,43,9,40,63,262
Kalani Brown,LVA,C,1,9,0,4,4,1.0,0,0,,4,4,1.0,2,3,0.667,1,2,3,1,1,0,1,3,10
Lexie Brown,SEA,G,10,148,0,12,26,0.462,9,20,0.45,3,6,0.5,5,6,0.833,1,12,13,11,5,1,10,13,38
Paige Bueckers,DAL,G,40,1313,40,314,617,0.509,75,188,0.399,239,429,0.557,120,139,0.863,26,138,164,233,37,16,88,100,823
Frieda Bühner,POR,F-C,37,563,0,81,185,0.438,33,92,0.359,48,93,0.516,41,46,0.891,26,53,79,28,13,2,33,58,236
Kennedy Burke,CON,G-F,37,881,14,112,279,0.401,44,136,0.324,68,143,0.476,57,80,0.713,38,81,119,53,46,30,55,55,325
Rae Burrell,LAS,G-F,40,1153,32,201,438,0.459,63,169,0.373,138,269,0.513,115,143,0.804,23,71,94,104,34,24,97,63,580
Veronica Burton,GSV,G,42,1193,42,164,387,0.424,58,164,0.354,106,223,0.475,120,145,0.828,48,102,150,239,67,18,60,106,506
Maya Caldwell,MIN,G,41,571,3,57,153,0.373,29,77,0.377,28,76,0.368,22,27,0.815,34,58,92,43,26,7,28,55,165
Jordin Canada,ATL,G,41,1278,41,154,353,0.436,37,128,0.289,117,225,0.52,123,160,0.769,29,117,146,299,78,11,103,104,468
Emma Cannon,LAS,F,16,110,0,18,36,0.5,10,20,0.5,8,16,0.5,15,19,0.789,9,13,22,5,1,2,14,24,61
Kamilla Cardoso,CHI,C,41,1082,41,229,418,0.548,0,0,,229,418,0.548,140,187,0.749,113,241,354,100,24,61,73,148,598
Bridget Carleton,POR,F,39,1195,39,186,460,0.404,106,288,0.368,80,172,0.465,79,90,0.878,28,147,175,84,61,17,47,83,557
Raquel Carrera Quintana,NYL,C,22,120,0,11,20,0.55,2,8,0.25,9,12,0.75,7,12,0.583,8,16,24,7,2,2,6,17,31
DiJonai Carrington,CHI,G-F,11,178,0,31,94,0.33,7,25,0.28,24,69,0.348,28,38,0.737,5,29,34,7,7,2,9,22,97
Chennedy Carter,LVA,G,13,220,0,60,100,0.6,11,21,0.524,49,79,0.62,28,37,0.757,9,14,23,17,11,4,17,32,159
Sha Carter,PHO,F,13,81,0,3,18,0.167,0,9,0.0,3,9,0.333,9,16,0.563,3,6,9,7,5,0,2,11,15
Emma Čechová,MIN,C,3,52,0,10,16,0.625,0,1,0.0,10,15,0.667,5,8,0.625,4,7,11,0,1,2,4,12,25
Kaila Charles,GSV,G-F,42,841,11,101,247,0.409,27,96,0.281,74,151,0.49,40,52,0.769,66,129,195,60,35,10,43,99,269
Kaitlyn Chen,GSV,G,42,643,0,119,227,0.524,29,68,0.426,90,159,0.566,30,42,0.714,13,34,47,82,12,1,49,52,297
Shay Ciezki,PHO,G,6,91,0,16,33,0.485,6,14,0.429,10,19,0.526,13,15,0.867,2,10,12,11,3,2,6,17,51
Sonia Citron,WAS,G,37,1228,37,197,415,0.475,51,152,0.336,146,263,0.555,177,203,0.872,34,103,137,159,45,23,92,77,622
Alysha Clark,DAL,F,29,338,1,23,58,0.397,13,39,0.333,10,19,0.526,16,24,0.667,11,40,51,20,6,7,15,54,75
Caitlin Clark,IND,G,37,1160,37,266,583,0.456,108,292,0.37,158,291,0.543,197,234,0.842,8,137,145,316,35,18,172,120,837
Natasha Cloud,CHI,G,40,1127,27,150,306,0.49,45,126,0.357,105,180,0.583,100,117,0.855,11,124,135,193,42,13,86,117,445
Nia Coffey,MIN,F,41,932,28,98,220,0.445,51,132,0.386,47,88,0.534,12,22,0.545,35,144,179,72,39,44,29,84,259
Napheesa Collier,MIN,F,13,397,13,86,172,0.5,21,47,0.447,65,125,0.52,37,44,0.841,16,79,95,37,17,14,32,25,230
Maria Conde,TOR,F,33,888,19,102,277,0.368,53,150,0.353,49,127,0.386,36,41,0.878,32,121,153,86,15,5,53,65,293
Zia Cooke,SEA,G,41,616,1,99,285,0.347,32,109,0.294,67,176,0.381,79,98,0.806,19,49,68,44,16,1,44,56,309
Kahleah Copper,PHO,G-F,38,1252,38,272,611,0.445,65,218,0.298,207,393,0.527,201,255,0.788,20,116,136,71,29,3,91,102,810
Aicha Coulibaly,CHI,G,30,407,5,48,110,0.436,1,22,0.045,47,88,0.534,58,65,0.892,16,63,79,18,20,7,22,47,155
Sophie Cunningham,IND,G,40,904,3,100,213,0.469,64,148,0.432,36,65,0.554,63,72,0.875,10,83,93,50,23,5,28,76,327
Damiris Dantas,IND,C-F,12,98,0,13,32,0.406,7,20,0.35,6,12,0.5,7,9,0.778,4,14,18,4,2,2,9,22,40
Antonia Delaere,MIN,G,37,423,0,38,85,0.447,25,58,0.431,13,27,0.481,6,6,1.0,7,20,27,40,16,0,14,36,107
Skylar Diggins,CHI,G,19,553,19,87,222,0.392,26,68,0.382,61,154,0.396,69,89,0.775,13,47,60,93,18,11,33,41,269
Stefanie Dolson,SEA,C,42,640,12,46,101,0.455,23,57,0.404,23,44,0.523,27,32,0.844,25,78,103,50,12,18,35,93,142
Angela Dugalić,WAS,F,35,324,3,39,91,0.429,4,32,0.125,35,59,0.593,17,25,0.68,20,64,84,22,12,7,23,34,99
Kara Dunn,PHO,G,3,43,0,5,15,0.333,5,10,0.5,0,5,0.0,0,0,,3,1,4,2,0,0,1,5,15
Aaliyah Edwards,CON,F,27,544,18,115,216,0.532,6,14,0.429,109,202,0.54,60,81,0.741,36,82,118,25,19,9,43,64,296
Emily Engstler,POR,F,42,1030,42,162,343,0.472,54,145,0.372,108,198,0.545,47,68,0.691,53,185,238,90,61,61,80,129,425
Dana Evans,LVA,G,12,196,1,17,61,0.279,11,29,0.379,6,32,0.188,3,6,0.5,0,19,19,26,3,2,13,12,48
Temi Fagbenle,TOR,C,24,424,9,57,112,0.509,11,32,0.344,46,80,0.575,18,32,0.563,29,53,82,23,12,8,29,56,143
Awa Fam,SEA,C,35,966,24,135,302,0.447,52,147,0.354,83,155,0.535,30,38,0.789,67,140,207,63,29,27,59,93,352
Mariella Fasoula,TOR,C,3,15,0,2,5,0.4,0,0,,2,5,0.4,0,0,,1,2,3,1,1,2,2,5,4
Marine Fauthoux,NYL,G,19,236,0,21,57,0.368,11,35,0.314,10,22,0.455,16,25,0.64,6,31,37,35,3,0,22,16,69
Sania Feagin,LAS,F,3,10,0,0,1,0.0,0,0,,0,1,0.0,0,0,,0,1,1,2,0,0,0,3,0
Leonie Fiebich,NYL,F,18,531,18,58,130,0.446,33,76,0.434,25,54,0.463,28,32,0.875,22,34,56,36,23,1,32,44,177
Nadia Fingall,GSV,C,10,32,0,4,6,0.667,1,3,0.333,3,3,1.0,2,2,1.0,3,2,5,2,0,0,1,1,11
Alicia Flórez,WAS,G,32,389,0,40,117,0.342,8,44,0.182,32,73,0.438,22,40,0.55,11,35,46,63,20,5,37,50,110
Alex Fowler,NYL,F,2,31,0,4,10,0.4,2,7,0.286,2,3,0.667,2,2,1.0,0,0,0,1,1,0,3,10,12
Azzi Fudd,DAL,G,30,950,24,156,342,0.456,62,156,0.397,94,186,0.505,19,23,0.826,16,36,52,55,52,25,33,68,393
Rebekah Gardner,NYL,G,39,582,2,77,155,0.497,10,42,0.238,67,113,0.593,40,43,0.93,38,60,98,50,20,8,22,64,204
Luisa Geiselsöder,POR,C,21,348,9,33,100,0.33,16,55,0.291,17,45,0.378,12,15,0.8,10,45,55,27,7,8,19,53,94
Allisha Gray,ATL,G,42,1369,42,267,581,0.46,77,230,0.335,190,351,0.541,188,234,0.803,29,116,145,111,55,15,64,119,799
Chelsea Gray,LVA,G,40,1309,40,173,399,0.434,69,189,0.365,104,210,0.495,59,63,0.937,10,121,131,270,53,14,108,84,474
Chance Gray,LAS,G,37,417,0,34,92,0.37,24,69,0.348,10,23,0.435,17,20,0.85,10,31,41,37,6,0,22,27,109
Zaay Green,TOR,G,4,32,0,3,8,0.375,1,5,0.2,2,3,0.667,0,0,,0,2,2,1,1,0,3,3,7
Aubrey Griffin,NYL,G-F,4,8,0,1,1,1.0,0,0,,1,1,1.0,0,0,,0,1,1,0,0,0,1,1,2
Brittney Griner,CON,C,18,455,18,97,184,0.527,1,4,0.25,96,180,0.533,43,64,0.672,35,70,105,45,8,32,32,48,238
Megan DiLeo,POR,C,39,935,30,199,362,0.55,52,143,0.364,147,219,0.671,61,75,0.813,53,111,164,36,15,24,28,100,511
Bree Hall,IND,G,4,13,0,3,6,0.5,2,2,1.0,1,4,0.25,0,2,0.0,0,1,1,0,0,0,0,0,8
Dearica Hamby,LAS,F,41,1174,41,228,413,0.552,9,38,0.237,219,375,0.584,127,186,0.683,78,208,286,99,61,17,77,116,592
Eliška Joklová,MIN,G,21,112,0,10,23,0.435,0,6,0.0,10,17,0.588,16,21,0.762,7,15,22,23,3,3,11,17,36
Rori Harmon,WAS,G,13,74,0,4,11,0.364,1,5,0.2,3,6,0.5,3,4,0.75,0,8,8,14,5,0,12,12,12
Isabelle Harrison,TOR,F,29,688,23,132,302,0.437,20,68,0.294,112,234,0.479,79,111,0.712,52,139,191,47,23,21,49,73,363
Jordan Harrison,POR,G,14,187,2,24,53,0.453,6,18,0.333,18,35,0.514,19,26,0.731,6,17,23,53,8,1,30,29,73
Tyasha Harris,IND,G,36,502,4,53,122,0.434,24,66,0.364,29,56,0.518,24,27,0.889,5,33,38,72,10,5,18,40,154
Tiffany Hayes,GSV,G,40,674,4,121,258,0.469,25,86,0.291,96,172,0.558,96,122,0.787,22,62,84,104,32,8,48,80,363
Natisha Hiedeman,SEA,G,38,1134,38,204,464,0.44,70,209,0.335,134,255,0.525,94,109,0.862,10,89,99,182,40,5,85,65,572
Naz Hillmon,ATL,F,41,1186,39,138,300,0.46,48,157,0.306,90,143,0.629,43,52,0.827,62,127,189,65,25,16,56,86,367
Myisha Hines-Allen,IND,F,35,482,3,53,109,0.486,8,23,0.348,45,86,0.523,19,31,0.613,21,94,115,52,17,13,37,72,133
Emese Hof,MIN,C,3,21,0,3,6,0.5,0,0,,3,6,0.5,1,2,0.5,2,3,5,2,0,0,4,6,7
Joyner Holmes,SEA,F,1,15,0,1,4,0.25,0,1,0.0,1,3,0.333,0,0,,1,4,5,1,0,3,2,1,2
Mackenzie Holmes,SEA,F,27,266,0,29,53,0.547,6,12,0.5,23,41,0.561,12,17,0.706,26,52,78,15,16,6,13,37,76
Jordan Horston,SEA,F,35,609,21,64,171,0.374,13,58,0.224,51,113,0.451,25,37,0.676,33,92,125,46,37,18,42,62,166
Natasha Howard,MIN,F,41,1196,41,247,419,0.589,3,16,0.188,244,403,0.605,109,151,0.722,137,175,312,137,69,40,104,142,606
Rhyne Howard,ATL,G,41,1400,41,239,587,0.407,132,364,0.363,107,223,0.48,129,148,0.872,29,126,155,153,96,37,56,117,739
Lexie Hull,IND,G,41,779,38,79,182,0.434,33,93,0.355,46,89,0.517,29,35,0.829,36,90,126,29,22,7,30,109,220
Sabrina Ionescu,NYL,G,28,850,27,143,357,0.401,55,185,0.297,88,172,0.512,83,93,0.892,20,91,111,134,21,9,78,49,424
Kiki Iriafen,WAS,F,38,1076,38,225,439,0.513,14,41,0.341,211,398,0.53,121,185,0.654,115,245,360,59,26,15,65,122,585
Ashlon Jackson,CON,G,16,202,0,16,51,0.314,8,37,0.216,8,14,0.571,0,2,0.0,2,17,19,11,8,1,6,13,40
Rickea Jackson,CHI,F,4,118,4,24,60,0.4,6,21,0.286,18,39,0.462,18,22,0.818,4,15,19,8,1,7,8,7,72
Aziaha James,DAL,G,37,440,2,82,212,0.387,15,60,0.25,67,152,0.441,50,67,0.746,22,66,88,45,35,9,28,56,229
Gabriela Jaquez,CHI,G,37,718,16,92,217,0.424,16,65,0.246,76,152,0.5,52,63,0.825,26,83,109,31,26,2,43,54,252
Justė Jocytė,GSV,G-F,16,129,0,17,46,0.37,11,26,0.423,6,20,0.3,5,6,0.833,4,8,12,17,3,1,11,12,50
Marine Johannes,NYL,G,38,779,18,112,265,0.423,83,211,0.393,29,54,0.537,22,26,0.846,14,63,77,90,30,5,63,59,329
Flau'jae Johnson,SEA,G,40,1137,40,203,511,0.397,55,190,0.289,148,321,0.461,115,142,0.81,44,146,190,113,53,28,103,111,576
Raven Johnson,IND,G,36,368,0,44,110,0.4,11,45,0.244,33,65,0.508,9,12,0.75,17,42,59,42,11,3,28,44,108
Brionna Jones,ATL,F,9,152,0,27,52,0.519,1,6,0.167,26,46,0.565,19,21,0.905,18,32,50,18,3,6,9,22,74
Jonquel Jones,NYL,C,40,1139,40,199,403,0.494,73,185,0.395,126,218,0.578,115,139,0.827,83,278,361,104,25,45,85,118,586
Dorka Juhász,MIN,F,18,261,0,25,65,0.385,14,45,0.311,11,20,0.55,1,4,0.25,7,42,49,23,5,11,10,15,65
Laura Juškaitė,TOR,F,41,1028,33,153,326,0.469,41,129,0.318,112,197,0.569,85,107,0.794,46,128,174,70,49,10,84,136,432
Teonni Key,TOR,F,36,370,1,29,76,0.382,3,19,0.158,26,57,0.456,10,20,0.5,27,40,67,17,15,18,19,49,71
Liatu King,MIN,F,9,74,0,10,17,0.588,2,6,0.333,8,11,0.727,4,10,0.4,8,15,23,0,3,4,5,13,26
Gianna Kneepkens,CON,G,33,302,5,33,98,0.337,9,50,0.18,24,48,0.5,20,21,0.952,14,27,41,14,5,2,6,47,95
Sika Koné,ATL,F,34,173,1,21,61,0.344,6,29,0.207,15,32,0.469,15,21,0.714,14,22,36,7,2,0,9,34,63
Anastasiia Kosu,MIN,F,30,307,0,39,82,0.476,2,3,0.667,37,79,0.468,28,33,0.848,35,24,59,20,17,12,19,37,108
Awak Kuier,DAL,F,39,705,24,88,177,0.497,26,74,0.351,62,103,0.602,35,49,0.714,29,122,151,40,21,64,38,68,237
Leïla Lacan,CON,G,27,766,27,119,281,0.423,29,92,0.315,90,189,0.476,47,65,0.723,14,36,50,125,45,9,59,77,314
Kitija Laksa,DAL,G,2,24,0,5,13,0.385,2,7,0.286,3,6,0.5,0,0,,3,3,6,0,0,1,2,5,12
Charlisse Leger-Walker,CON,G,41,968,29,104,278,0.374,40,121,0.331,64,157,0.408,45,58,0.776,13,84,97,149,33,10,74,93,293
Carla Leite,POR,G,37,960,36,176,385,0.457,35,88,0.398,141,297,0.475,198,228,0.868,23,55,78,234,25,2,123,96,585
Kyara Linskens,PHO,C,19,202,1,19,58,0.328,7,26,0.269,12,32,0.375,12,17,0.706,13,32,45,12,10,14,11,30,57
Darianna Littlepage-Buggs,WAS,G-F,4,7,0,2,3,0.667,1,1,1.0,1,2,0.5,0,0,,0,1,1,0,0,0,0,0,5
Jewell Loyd,LVA,G,39,1020,3,98,277,0.354,64,198,0.323,34,79,0.43,40,49,0.816,19,72,91,57,42,5,36,87,300
Marina Mabrey,TOR,G,32,944,32,218,494,0.441,105,273,0.385,113,221,0.511,126,143,0.881,17,88,105,118,29,12,99,84,667
Natasha Mack,PHO,F-C,34,767,25,125,207,0.604,2,9,0.222,123,198,0.621,44,55,0.8,77,153,230,40,29,42,31,83,296
Ezi Magbegor,SEA,F-C,14,286,9,37,93,0.398,8,26,0.308,29,67,0.433,14,16,0.875,7,49,56,25,11,17,15,35,96
Taina Mair,SEA,G,10,51,0,4,19,0.211,3,9,0.333,1,10,0.1,2,2,1.0,2,2,4,5,0,1,4,7,13
Dominique Malonga,SEA,C,33,867,32,216,455,0.475,20,73,0.274,196,382,0.513,94,125,0.752,83,208,291,56,33,47,88,92,546
Morgan Maly,CHI,F,3,29,0,2,6,0.333,2,5,0.4,0,1,0.0,4,4,1.0,0,6,6,0,0,0,0,4,10
Rayah Marshall,CON,C-F,4,27,0,2,8,0.25,0,0,,2,8,0.25,4,6,0.667,4,2,6,1,0,1,3,2,8
Kate Martin,LAS,G,17,120,0,13,35,0.371,8,26,0.308,5,9,0.556,5,8,0.625,5,14,19,6,5,3,3,15,39
Kayla McBride,MIN,G,41,1337,41,242,525,0.461,118,285,0.414,124,240,0.517,137,149,0.919,25,102,127,87,69,10,53,78,739
Teaira McCowan,MIN,C,10,68,0,7,15,0.467,0,0,,7,15,0.467,0,3,0.0,5,19,24,3,1,5,6,19,14
Cotie McMahon,WAS,G,39,768,6,85,215,0.395,22,77,0.286,63,138,0.457,59,97,0.608,20,96,116,75,21,6,42,75,251
Jade Melbourne,SEA,G,40,991,32,124,281,0.441,31,103,0.301,93,178,0.522,96,123,0.78,16,70,86,153,37,8,70,117,375
Olivia Miles,MIN,G,39,1209,39,272,557,0.488,63,162,0.389,209,395,0.529,162,187,0.866,23,160,183,232,50,25,122,117,769
Nikolina Milic,TOR,C,7,63,1,9,19,0.474,0,2,0.0,9,17,0.529,3,4,0.75,2,7,9,3,0,0,5,7,21
Diamond Miller,CON,F,40,903,40,125,348,0.359,46,145,0.317,79,203,0.389,87,109,0.798,15,91,106,57,27,8,58,128,386
Kelsey Mitchell,IND,G,41,1347,41,364,703,0.518,128,277,0.462,236,426,0.554,178,211,0.844,21,49,70,114,44,5,70,100,1034
Tonie Morgan,LAS,G,9,138,1,16,34,0.471,1,7,0.143,15,27,0.556,10,14,0.714,1,8,9,22,9,0,14,16,43
Ndjakalenga Mwenentanda,GSV,G,5,13,0,0,1,0.0,0,1,0.0,0,0,,0,0,,1,1,2,2,0,0,1,1,0
Olivia Nelson-Ododa,CON,C,33,700,23,125,217,0.576,0,2,0.0,125,215,0.581,84,123,0.683,53,141,194,54,25,26,53,99,334
Indya Nivar,ATL,G,22,67,0,9,20,0.45,3,4,0.75,6,16,0.375,1,13,0.077,4,14,18,8,5,2,4,16,22
Jovana Nogić,PHO,G,16,323,7,50,119,0.42,32,76,0.421,18,43,0.419,34,38,0.895,7,10,17,26,10,0,23,36,166
Kia Nurse,TOR,G,40,544,3,64,182,0.352,44,132,0.333,20,50,0.4,44,50,0.88,9,37,46,41,14,0,20,51,216
Teja Oblak,POR,G,29,388,1,63,151,0.417,22,60,0.367,41,91,0.451,13,18,0.722,15,31,46,92,19,1,72,44,161
Arike Ogunbowale,DAL,G,42,1256,42,210,519,0.405,73,224,0.326,137,295,0.464,149,168,0.887,34,95,129,137,42,3,66,96,642
Nneka Ogwumike,LAS,F,40,1237,40,271,524,0.517,56,140,0.4,215,384,0.56,90,105,0.857,69,284,353,121,46,13,75,67,688
Madina Okot,ATL,C,41,379,2,90,156,0.577,1,9,0.111,89,147,0.605,43,56,0.768,48,90,138,11,14,12,50,66,224
Lucy Olsen,WAS,G,20,143,0,19,44,0.432,8,21,0.381,11,23,0.478,9,11,0.818,1,10,11,18,4,1,11,18,55
Michaela Onyenwere,WAS,F,37,927,37,110,251,0.438,52,132,0.394,58,119,0.487,60,72,0.833,53,46,99,65,16,6,60,94,332
Ugonne Onyiah,IND,F-C,1,1,0,0,0,,0,0,,0,0,,0,0,,0,0,0,0,0,0,0,0,0
Charisma Osborne,POR,G,1,10,0,1,3,0.333,1,1,1.0,0,2,0.0,2,2,1.0,0,1,1,2,1,0,1,0,5
Te-Hina PaoPao,ATL,G,33,385,1,44,121,0.364,29,78,0.372,15,43,0.349,9,10,0.9,5,21,26,44,6,3,17,37,126
Cheyenne Parker-Tyus,LVA,F,28,306,1,51,95,0.537,7,15,0.467,44,80,0.55,44,56,0.786,28,54,82,16,11,19,16,51,153
Jihyun Park,LAS,G,33,300,0,26,66,0.394,9,33,0.273,17,33,0.515,12,21,0.571,10,23,33,16,14,1,9,37,73
Alissa Pili,LAS,F,5,40,0,4,12,0.333,2,4,0.5,2,8,0.25,0,2,0.0,5,6,11,4,1,0,4,7,10
Justine Pissott,LVA,G-F,10,87,0,13,36,0.361,10,27,0.37,3,9,0.333,2,2,1.0,0,10,10,4,2,3,3,13,38
Tima Pouye,TOR,G,19,178,1,19,55,0.345,8,26,0.308,11,29,0.379,14,18,0.778,6,10,16,22,4,0,14,32,60
Ashten Prechtel,GSV,F,6,43,0,3,9,0.333,2,6,0.333,1,3,0.333,3,3,1.0,2,9,11,3,1,4,7,11,11
Cassandre Prosper,WAS,G,36,361,2,31,100,0.31,8,41,0.195,23,59,0.39,9,18,0.5,24,14,38,17,9,3,22,63,79
Nyadiew Puoch,POR,F,41,749,27,65,178,0.365,21,85,0.247,44,93,0.473,23,36,0.639,34,54,88,30,29,5,26,92,174
JJ Quinerly,DAL,G,2,12,0,1,3,0.333,0,1,0.0,1,2,0.5,0,0,,0,1,1,2,0,1,0,0,2
Angel Reese,ATL,F,41,1284,41,241,533,0.452,11,53,0.208,230,480,0.479,188,259,0.726,201,304,505,115,74,31,133,154,681
Kiki Rice,TOR,G,25,668,17,106,224,0.473,22,63,0.349,84,161,0.522,85,98,0.867,28,63,91,83,19,5,43,76,319
Saniya Rivers,CON,G,37,851,17,103,300,0.343,13,76,0.171,90,224,0.402,45,75,0.6,17,79,96,115,41,25,51,67,264
Mercedes Russell,IND,C,6,50,0,2,4,0.5,0,0,,2,4,0.5,7,10,0.7,0,5,5,4,3,0,1,8,11
Nyara Sabally,TOR,F,24,573,20,108,205,0.527,20,51,0.392,88,154,0.571,59,82,0.72,43,83,126,41,24,21,38,65,295
Satou Sabally,NYL,F,13,218,5,45,98,0.459,20,52,0.385,25,46,0.543,25,29,0.862,5,31,36,25,1,2,22,34,135
Janelle Salaün,GSV,F,38,849,0,159,374,0.425,92,232,0.397,67,142,0.472,82,101,0.812,40,108,148,46,23,4,30,81,492
Karlie Samuelson,POR,G,30,475,2,42,113,0.372,30,95,0.316,12,18,0.667,30,33,0.909,15,30,45,24,17,3,10,51,144
Katie Lou Samuelson,SEA,G,32,491,1,47,116,0.405,26,81,0.321,21,35,0.6,22,28,0.786,12,55,67,26,26,3,15,30,142
Shyanne Sellers,LAS,G,1,9,0,1,3,0.333,1,1,1.0,0,2,0.0,1,2,0.5,0,2,2,0,1,0,0,2,4
Jacy Sheldon,CHI,G,42,871,18,95,224,0.424,35,113,0.31,60,111,0.541,41,48,0.854,16,41,57,71,35,11,40,102,266
Jessica Shepard,DAL,F,40,1265,40,234,404,0.579,1,11,0.091,233,393,0.593,102,148,0.689,112,325,437,205,29,3,77,82,571
Maddy Siegrist,DAL,F,39,561,8,97,201,0.483,31,76,0.408,66,125,0.528,23,27,0.852,33,70,103,35,16,15,11,67,248
Odyssey Sims,DAL,G,33,470,11,54,141,0.383,15,48,0.313,39,93,0.419,32,38,0.842,4,26,30,65,16,2,33,38,155
Kamiah Smalls,POR,G,2,30,1,5,10,0.5,4,7,0.571,1,3,0.333,1,1,1.0,0,0,0,6,0,0,4,2,15
Alanna Smith,DAL,F,32,572,18,75,164,0.457,18,69,0.261,57,95,0.6,25,37,0.676,36,90,126,33,23,15,38,76,193
NaLyssa Smith,LVA,F,38,925,38,183,287,0.638,1,8,0.125,182,279,0.652,77,134,0.575,84,160,244,34,24,25,33,121,444
Miela Sowah,GSV,G,7,24,0,1,10,0.1,0,8,0.0,1,2,0.5,0,0,,1,4,5,0,0,0,4,3,2
Azura Stevens,CHI,F-C,32,784,31,129,303,0.426,28,110,0.255,101,193,0.523,53,68,0.779,42,163,205,67,27,24,52,95,339
Breanna Stewart,NYL,F,40,1325,40,279,600,0.465,31,119,0.261,248,481,0.516,232,275,0.844,61,265,326,129,54,53,80,85,821
Kiah Stokes,GSV,C,41,909,41,59,138,0.428,19,67,0.284,40,71,0.563,8,17,0.471,49,180,229,51,24,72,20,93,145
Marta Suárez,PHO,F,17,153,0,22,45,0.489,5,15,0.333,17,30,0.567,9,14,0.643,8,14,22,7,4,1,11,34,58
Brittney Sykes,TOR,G,17,500,17,102,244,0.418,16,62,0.258,86,182,0.473,96,107,0.897,16,43,59,57,20,8,36,41,316
Stephanie Talbot,LVA,F,41,691,40,57,129,0.442,20,72,0.278,37,57,0.649,12,18,0.667,32,73,105,45,26,12,28,65,146
Sydney Taylor,CHI,G,35,713,24,166,390,0.426,68,208,0.327,98,182,0.538,70,90,0.778,12,43,55,65,24,8,54,90,470
Taylor Thierry,SEA,G-F,15,135,0,8,26,0.308,4,13,0.308,4,13,0.308,4,4,1.0,13,12,25,6,3,0,3,12,24
Alyssa Thomas,PHO,F,40,1334,40,221,423,0.522,1,3,0.333,220,420,0.524,135,196,0.689,66,244,310,337,55,19,141,104,578
Kayla Thornton,GSV,F,42,1018,42,105,291,0.361,64,183,0.35,41,108,0.38,52,57,0.912,54,135,189,29,28,9,26,82,326
Makayla Timpson,IND,F-C,40,764,11,93,146,0.637,0,0,,93,146,0.637,34,52,0.654,61,133,194,22,22,33,31,80,220
Brianna Turner,LVA,F-C,38,498,4,30,52,0.577,0,0,,30,52,0.577,2,2,1.0,21,65,86,8,10,20,25,54,62
Courtney Vandersloot,CHI,G,25,552,22,80,181,0.442,22,58,0.379,58,123,0.472,50,64,0.781,10,63,73,131,29,7,53,41,232
Hailey Van Lith,CON,G,20,308,3,41,101,0.406,12,33,0.364,29,68,0.426,12,14,0.857,6,19,25,37,15,4,22,26,106
Julie Vanloo,NYL,G,5,81,0,9,17,0.529,7,14,0.5,2,3,0.667,4,4,1.0,1,9,10,27,2,0,12,11,29
Costanza Verona,DAL,G,1,6,0,2,2,1.0,0,0,,2,2,1.0,0,0,,0,0,0,2,0,0,0,0,4
Erica Wheeler,LAS,G,40,1065,38,130,327,0.398,54,172,0.314,76,155,0.49,41,47,0.872,9,67,76,205,37,4,76,109,355
Sami Whitcomb,PHO,G,19,332,8,32,99,0.323,25,77,0.325,7,22,0.318,12,12,1.0,6,26,32,42,12,2,22,37,101
Christyn Williams,DAL,G,2,11,0,0,4,0.0,0,1,0.0,0,3,0.0,1,2,0.5,0,2,2,1,0,1,0,0,1
Courtney Williams,MIN,G,40,1221,40,241,533,0.452,47,126,0.373,194,407,0.477,41,50,0.82,35,165,200,171,47,11,70,89,570
Elizabeth Williams,CHI,C-F,42,699,1,86,186,0.462,0,0,,86,186,0.462,41,91,0.451,52,93,145,55,25,37,33,54,213
Gabby Williams,GSV,F,37,917,37,190,467,0.407,64,185,0.346,126,282,0.447,85,117,0.726,24,98,122,81,61,6,58,48,529
Peyton Williams,PHO,F,1,6,0,0,1,0.0,0,0,,0,1,0.0,0,0,,0,0,0,2,0,1,0,0,0
Serah Williams,POR,F,37,490,3,64,116,0.552,1,2,0.5,63,114,0.553,32,52,0.615,34,69,103,18,16,16,28,71,161
A'ja Wilson,LVA,C,38,1214,38,348,661,0.526,36,89,0.404,312,572,0.545,259,300,0.863,68,288,356,122,54,76,91,72,991
Ally Wilson,WAS,G,4,58,0,4,15,0.267,2,11,0.182,2,4,0.5,2,3,0.667,5,2,7,3,0,1,2,7,12
Holly Winterburn,POR,G,29,325,1,42,107,0.393,10,53,0.189,32,54,0.593,22,24,0.917,10,30,40,51,16,1,31,32,116
Han Xu,NYL,C,41,565,2,97,192,0.505,35,87,0.402,62,105,0.59,28,33,0.848,31,73,104,28,13,26,19,40,257
Mai Yamamoto,LVA,G,11,167,0,18,49,0.367,13,34,0.382,5,15,0.333,9,9,1.0,3,10,13,19,8,0,4,12,58
Jackie Young,LVA,G,40,1291,40,275,562,0.489,95,245,0.388,180,317,0.568,127,136,0.934,30,144,174,263,33,11,98,85,772
Li Yueru,DAL,C,31,322,0,29,77,0.377,8,35,0.229,21,42,0.5,39,52,0.75,28,60,88,13,4,11,19,43,105
Cecilia Zandalasini,GSV,F,35,670,32,114,287,0.397,47,144,0.326,67,143,0.469,34,41,0.829,11,65,76,62,30,6,48,69,309
Laura Ziegler,LAS,F,3,29,0,3,8,0.375,0,3,0.0,3,5,0.6,2,3,0.667,1,3,4,3,1,1,0,5,8
