Player,Team,Pos,G,MP,G.1,GS,MP.1,FG,FGA,FG%,3P,3PA,3P%,2P,2PA,2P%,FT,FTA,FT%,ORB,TRB,AST,STL,BLK,TOV,PF,PTS
Monique Akoa Makani,PHO,G,28,598,28,28,598,84,190,.442,35,84,.417,49,106,.462,30,32,.938,19,57,74,25,2,40,71,233
Julie Allemand,LAS,G,21,564,21,14,564,40,96,.417,18,63,.286,22,33,.667,11,15,.733,10,87,97,23,0,36,36,109
Lindsay Allen,CON,G,21,267,21,3,267,15,41,.366,2,13,.154,13,28,.464,9,11,.818,0,13,42,6,4,22,22,41
Rebecca Allen,CHI,F-G,31,633,31,15,633,69,189,.365,35,105,.333,34,84,.405,16,25,.640,13,90,47,16,16,33,48,189
Laeticia Amihere,GSV,F,19,265,19,0,265,37,81,.457,1,15,.067,36,66,.545,39,50,.780,24,86,25,11,9,27,31,114
Yvonne Anderson,MIN,G,1,12,1,0,12,0,3,.000,0,1,.000,0,2,.000,0,0,,0,1,2,2,0,0,3,0
Ariel Atkins,CHI,G,24,695,24,24,695,116,266,.436,31,89,.348,85,177,.480,60,70,.857,15,74,85,44,19,59,73,323
Shakira Austin,WAS,C-F,27,625,27,19,625,137,294,.466,0,10,.000,137,284,.482,64,97,.660,50,179,49,35,29,74,66,338
Marième Badiane,MIN,C,3,11,3,0,11,0,3,.000,0,1,.000,0,2,.000,0,0,,1,1,0,2,0,2,6,0
Rachel Banham,CHI,G,31,736,31,20,736,97,241,.402,65,173,.376,32,68,.471,36,39,.923,4,44,78,18,8,45,61,295
Sarah Ashlee Barker,LAS,G,25,380,25,7,380,25,78,.321,16,49,.327,9,29,.310,14,18,.778,7,53,23,10,4,32,39,80
Kierstan Bell,LVA,F,24,257,24,6,257,34,105,.324,18,70,.257,16,35,.457,11,11,1.000,12,38,9,7,9,9,14,97
Monique Billings,GSV,F,21,373,21,8,373,61,123,.496,8,28,.286,53,95,.558,28,44,.636,31,99,9,13,16,17,36,158
Aliyah Boston,IND,F-C,32,960,32,32,960,193,359,.538,5,24,.208,188,335,.561,93,117,.795,72,264,119,31,33,58,107,484
Crystal Bradford,LVA,F,4,24,4,0,24,2,6,.333,0,2,.000,2,4,.500,0,0,,2,5,1,2,0,1,3,4
Cameron Brink,LAS,F,5,75,5,0,75,9,25,.360,5,13,.385,4,12,.333,5,5,1.000,7,17,2,3,12,7,14,28
Jaelyn Brown,CON,G-F,10,131,10,0,131,14,37,.378,8,18,.444,6,19,.316,1,2,.500,4,12,1,5,2,5,17,37
Kalani Brown,PHO,C,25,325,25,1,325,52,85,.612,2,7,.286,50,78,.641,21,27,.778,31,104,16,7,15,21,41,127
Lexie Brown,SEA,G,21,203,21,0,203,14,42,.333,9,33,.273,5,9,.556,7,10,.700,2,15,16,8,0,6,19,44
Paige Bueckers,DAL,G,24,822,24,24,822,165,361,.457,29,87,.333,136,274,.496,87,101,.861,17,97,130,43,14,50,58,446
Kennedy Burke,NYL,G-F,24,524,24,6,524,70,141,.496,38,80,.475,32,61,.525,24,32,.750,14,55,29,26,15,24,31,202
Player,Team,Pos,G,MP,G,GS,MP,FG,FGA,FG%,3P,3PA,3P%,2P,2PA,2P%,FT,FTA,FT%,ORB,TRB,AST,STL,BLK,TOV,PF,PTS
Rae Burrell,LAS,G-F,14,233,14,0,233,32,69,.464,8,24,.333,24,45,.533,19,28,.679,6,31,11,6,2,11,19,91
Veronica Burton,GSV,G,30,857,30,30,857,90,244,.369,43,117,.368,47,127,.370,102,116,.879,37,126,150,31,14,61,67,325
Maya Caldwell,ATL,G,27,435,27,12,435,48,123,.390,21,67,.313,27,56,.482,8,12,.667,22,67,44,23,6,24,39,125
Jordin Canada,ATL,G,22,637,22,22,637,89,223,.399,21,73,.288,68,150,.453,63,83,.759,6,79,129,36,5,50,36,262
Emma Cannon,LAS,F,20,206,20,0,206,32,62,.516,14,35,.400,18,27,.667,15,23,.652,11,37,7,9,1,15,36,93
Kamilla Cardoso,CHI,C,27,699,27,26,699,138,266,.519,1,2,.500,137,264,.519,57,83,.687,81,226,51,10,25,64,74,334
Bridget Carleton,MIN,F,31,886,31,31,886,77,189,.407,46,124,.371,31,65,.477,14,19,.737,27,118,72,29,9,25,61,214
Tina Charles,CON,C,29,840,29,28,840,166,404,.411,9,32,.281,157,372,.422,129,148,.872,45,170,50,24,13,66,55,470
Kaitlyn Chen,GSV,G,15,199,15,0,199,16,36,.444,5,13,.385,11,23,.478,5,7,.714,3,14,21,5,0,15,14,42
Sonia Citron,WAS,G,30,979,30,30,979,148,319,.464,49,127,.386,99,192,.516,95,110,.864,22,135,69,38,12,56,63,440
Caitlin Clark,IND,G,13,404,13,13,404,72,196,.367,29,104,.279,43,92,.467,41,50,.820,1,65,115,21,7,66,35,214
Natasha Cloud,NYL,G,29,843,29,29,843,102,240,.425,36,105,.343,66,135,.489,47,52,.904,10,104,166,37,9,52,92,287
Nia Coffey,ATL,F,30,333,30,2,333,39,106,.368,17,62,.274,22,44,.500,31,44,.705,19,83,31,9,11,24,36,126
Napheesa Collier,MIN,F,26,854,26,26,854,224,417,.537,35,95,.368,189,322,.587,129,142,.908,51,196,90,46,42,59,64,612
Sydney Colson,IND,G,30,404,30,6,404,26,76,.342,13,47,.277,13,29,.448,6,7,.857,7,25,60,15,6,35,34,71
Zia Cooke,SEA,G,24,250,24,0,250,27,78,.346,13,34,.382,14,44,.318,13,19,.684,6,13,13,9,1,21,26,80
Kahleah Copper,PHO,G-F,14,355,14,14,355,74,166,.446,26,59,.441,48,107,.449,48,57,.842,6,41,22,17,2,37,40,222
Sophie Cunningham,IND,G,27,683,27,10,683,75,156,.481,47,107,.439,28,49,.571,38,44,.864,14,100,27,26,3,32,56,235
Damiris Dantas,IND,C-F,26,315,26,0,315,45,129,.349,16,62,.258,29,67,.433,21,24,.875,21,62,15,5,3,20,44,127
Kariata Diaby,CON,C,13,103,13,0,103,7,14,.500,0,0,,7,14,.500,11,14,.786,3,13,5,6,1,12,19,25
Player,Team,Pos,G,MP,G,GS,MP,FG,FGA,FG%,3P,3PA,3P%,2P,2PA,2P%,FT,FTA,FT%,ORB,TRB,AST,STL,BLK,TOV,PF,PTS
Skylar Diggins,SEA,G,30,953,30,30,953,163,386,.422,43,114,.377,120,272,.441,113,144,.785,15,83,175,31,24,69,74,482
Stefanie Dolson,WAS,C,30,453,30,11,453,38,98,.388,15,53,.283,23,45,.511,5,8,.625,12,70,40,9,9,25,72,96
Aaliyah Edwards,WAS,F,21,279,21,0,279,45,94,.479,0,7,.000,45,87,.517,35,56,.625,25,69,9,10,6,23,28,125
Emily Engstler,WAS,F,26,291,26,0,291,28,72,.389,9,38,.237,19,34,.559,12,18,.667,28,82,31,13,15,25,30,77
Dana Evans,LVA,G,31,544,31,0,544,69,195,.354,20,68,.294,49,127,.386,35,48,.729,5,31,64,13,3,25,38,193
Temi Fagbenle,GSV,C,25,598,25,24,598,84,165,.509,7,39,.179,77,126,.611,16,25,.640,49,134,46,25,13,38,77,191
Sania Feagin,LAS,F,12,61,12,0,61,7,22,.318,0,4,.000,7,18,.389,0,2,.000,2,8,1,0,6,7,11,14
Leonie Fiebich,NYL,F,23,647,23,23,647,73,140,.521,32,76,.421,41,64,.641,30,35,.857,12,87,35,22,13,34,62,208
Rebekah Gardner,NYL,G,29,363,29,4,363,39,82,.476,13,33,.394,26,49,.531,19,22,.864,21,53,19,17,6,14,46,110
Luisa Geiselsoder,DAL,C,20,464,20,16,464,61,132,.462,20,62,.323,41,70,.586,5,7,.714,21,104,30,15,16,16,43,147
Allisha Gray,ATL,G,30,1057,30,30,1057,178,393,.453,76,184,.413,102,209,.488,136,167,.814,25,163,114,34,12,57,80,568
Chelsea Gray,LVA,G,31,933,31,31,933,114,270,.422,43,123,.350,71,147,.483,72,81,.889,20,124,141,39,21,97,64,343
Brittney Griner,ATL,C,25,583,25,25,583,107,208,.514,4,15,.267,103,193,.534,48,64,.750,21,139,21,2,28,43,54,266
Megan Gustafson,LVA,C,12,167,12,0,167,13,40,.325,9,28,.321,4,12,.333,7,15,.467,7,28,4,2,4,5,30,42
Bree Hall,GSV,G,2,8,2,0,8,1,2,.500,0,1,.000,1,1,1.000,1,3,.333,0,2,0,0,0,2,1,3
Dearica Hamby,LAS,F,30,952,30,30,952,208,366,.568,12,40,.300,196,326,.601,99,166,.596,79,234,100,47,14,81,88,527
Isabelle Harrison,NYL,F,27,296,27,1,296,53,104,.510,2,9,.222,51,95,.537,29,38,.763,22,72,17,17,2,18,37,137
Tyasha Harris,DAL,G,5,82,5,0,82,8,18,.444,5,11,.455,3,7,.429,2,2,1.000,1,5,13,2,2,3,5,23
Bria Hartley,CON,G,29,663,29,23,663,87,241,.361,47,125,.376,40,116,.345,60,74,.811,7,58,89,24,0,51,74,281
Tiffany Hayes,GSV,G,21,559,21,19,559,83,195,.426,34,83,.410,49,112,.438,50,61,.820,13,83,63,10,3,42,45,250
Player,Team,Pos,G,MP,G,GS,MP,FG,FGA,FG%,3P,3PA,3P%,2P,2PA,2P%,FT,FTA,FT%,ORB,TRB,AST,STL,BLK,TOV,PF,PTS
Lexi Held,PHO,G,22,390,22,0,390,52,137,.380,25,78,.321,27,59,.458,18,22,.818,11,31,27,23,5,21,32,147
Natisha Hiedeman,MIN,G,31,554,31,0,554,92,195,.472,24,79,.304,68,116,.586,29,39,.744,5,56,88,14,6,35,51,237
Naz Hillmon,ATL,F,30,691,30,3,691,92,190,.484,35,108,.324,57,82,.695,37,45,.822,47,166,66,12,15,36,53,256
Myisha Hines-Allen,DAL,F,27,557,27,15,557,67,141,.475,9,31,.290,58,110,.527,35,49,.714,29,140,71,23,14,59,71,178
Joyner Holmes,LVA,F,6,29,6,0,29,3,12,.250,1,5,.200,2,7,.286,0,0,,2,6,0,0,0,2,5,7
Mackenzie Holmes,SEA,F,7,35,7,0,35,2,4,.500,0,0,,2,4,.500,0,0,,3,6,1,2,1,0,4,4
Natasha Howard,IND,F,32,778,32,32,778,150,272,.551,6,27,.222,144,245,.588,62,90,.689,63,217,43,37,20,60,87,368
Rhyne Howard,ATL,G,19,670,19,19,670,99,284,.349,56,185,.303,43,99,.434,60,75,.800,21,95,86,31,18,37,62,314
Lexie Hull,IND,G,32,826,32,19,826,80,202,.396,37,99,.374,43,103,.417,20,30,.667,45,133,53,34,5,28,86,217
Sabrina Ionescu,NYL,G,29,916,29,29,916,190,465,.409,68,219,.311,122,246,.496,129,138,.935,25,144,160,42,14,78,42,577
Kiki Iriafen,WAS,F,30,793,30,30,793,139,289,.481,0,3,.000,139,286,.486,86,112,.768,79,247,45,21,5,58,96,364
Rickea Jackson,LAS,F,25,772,25,24,772,135,314,.430,33,104,.317,102,210,.486,55,66,.833,22,84,50,16,9,55,52,358
Aziaha James,DAL,G,27,484,27,7,484,71,188,.378,25,77,.325,46,111,.414,37,48,.771,28,76,43,16,7,27,31,204
Moriah Jefferson,CHI,G,5,35,5,1,35,3,8,.375,1,3,.333,2,5,.400,0,0,,0,5,9,0,0,2,3,7
Marine Johannes,NYL,G,30,562,30,3,562,71,165,.430,46,128,.359,25,37,.676,12,14,.857,11,62,45,20,7,35,30,200
Brionna Jones,ATL,F,30,839,30,30,839,151,289,.522,11,39,.282,140,250,.560,72,96,.750,84,218,72,33,21,50,76,385
Jonquel Jones,NYL,C,18,459,18,18,459,87,183,.475,33,72,.458,54,111,.486,48,60,.800,27,159,45,8,19,37,44,255
Elizabeth Kitley,LVA,C,12,98,12,1,98,7,23,.304,0,1,.000,7,22,.318,1,2,.500,4,17,1,4,6,7,18,15
Sika Koné,WAS,F,11,74,11,0,74,7,18,.389,1,3,.333,6,15,.400,8,9,.889,3,18,5,0,0,6,10,23
Anastasiia Kosu,MIN,F,14,47,14,0,47,8,19,.421,0,1,.000,8,18,.444,9,13,.692,6,7,1,1,2,4,5,25
Player,Team,Pos,G,MP,G,GS,MP,FG,FGA,FG%,3P,3PA,3P%,2P,2PA,2P%,FT,FTA,FT%,ORB,TRB,AST,STL,BLK,TOV,PF,PTS
Leïla Lacan,CON,G,12,280,12,3,280,43,89,.483,6,29,.207,37,60,.617,16,17,.941,10,32,33,28,1,19,40,108
Kitija Laksa,PHO,F,28,571,28,5,571,63,170,.371,36,112,.321,27,58,.466,23,29,.793,11,36,19,12,5,16,40,185
Carla Leite,GSV,G,24,422,24,5,422,62,162,.383,9,59,.153,53,103,.515,52,60,.867,8,38,45,16,3,40,40,185
Kyara Linskens,GSV,C,4,27,4,0,27,2,5,.400,0,1,.000,2,4,.500,0,0,,1,6,1,1,3,2,7,4
Jewell Loyd,LVA,G,31,881,31,25,881,119,308,.386,66,176,.375,53,132,.402,48,57,.842,42,115,57,30,6,41,64,352
Marina Mabrey,CON,G,20,602,20,19,602,103,293,.352,44,153,.288,59,140,.421,43,49,.878,15,92,77,13,8,61,63,293
Natasha Mack,PHO,F,20,340,20,9,340,37,60,.617,0,3,.000,37,57,.649,13,23,.565,35,105,19,23,28,9,39,87
Ezi Magbegor,SEA,F-C,31,854,31,31,854,104,211,.493,7,34,.206,97,177,.548,44,64,.688,63,196,68,21,65,28,87,259
Dominique Malonga,SEA,C,30,344,30,0,344,80,153,.523,1,10,.100,79,143,.552,20,28,.714,33,119,22,9,12,35,54,181
Rayah Marshall,CON,C-F,10,64,10,0,64,7,18,.389,0,1,.000,7,17,.412,4,7,.571,5,19,3,1,1,5,6,18
Kate Martin,GSV,G,28,452,28,3,452,57,180,.317,36,116,.310,21,64,.328,22,28,.786,7,66,22,11,4,27,32,172
Kayla McBride,MIN,G,27,847,27,27,847,125,294,.425,72,182,.396,53,112,.473,73,78,.936,6,65,93,36,2,43,38,395
Megan McConnell,PHO,G,1,13,1,0,13,1,4,.250,1,2,.500,0,2,.000,0,0,,1,1,3,1,0,0,1,3
Teaira McCowan,DAL,C,17,219,17,0,219,36,67,.537,1,2,.500,35,65,.538,22,29,.759,30,78,10,5,12,16,24,95
Aari McDonald,IND,G,20,525,20,13,525,66,154,.429,24,78,.308,42,76,.553,40,51,.784,9,47,94,25,3,46,50,196
Emma Meesseman,NYL,F,3,72,3,3,72,15,30,.500,1,2,.500,14,28,.500,7,8,.875,2,13,12,4,4,5,7,38
Jade Melbourne,WAS,G,29,688,29,6,688,61,159,.384,22,69,.319,39,90,.433,29,47,.617,12,58,77,18,3,44,71,173
Kelsey Mitchell,IND,G,32,992,32,32,992,230,507,.454,78,207,.377,152,300,.507,99,131,.756,13,60,102,28,6,48,62,637
Aneesah Morrow,CON,F,26,431,26,8,431,66,175,.377,9,44,.205,57,131,.435,43,53,.811,47,148,13,17,11,32,53,184
Murjanatu Musa,PHO,C,12,122,12,0,122,16,35,.457,1,2,.500,15,33,.455,7,11,.636,18,31,7,4,2,7,17,40
Player,Team,Pos,G,MP,G,GS,MP,FG,FGA,FG%,3P,3PA,3P%,2P,2PA,2P%,FT,FTA,FT%,ORB,TRB,AST,STL,BLK,TOV,PF,PTS
Olivia Nelson-Ododa,CON,C,28,642,28,20,642,89,174,.511,0,1,.000,89,173,.514,64,90,.711,50,153,23,19,37,35,70,242
Kia Nurse,CHI,G,31,721,31,17,721,72,211,.341,40,125,.320,32,86,.372,29,40,.725,16,84,42,10,2,37,55,213
Aaliyah Nye,LVA,G-F,31,538,31,0,538,51,136,.375,32,90,.356,19,46,.413,12,15,.800,11,52,16,10,7,22,46,146
Arike Ogunbowale,DAL,G,28,934,28,28,934,143,394,.363,48,155,.310,95,239,.397,104,112,.929,10,72,118,37,6,58,69,438
Nneka Ogwumike,SEA,F,31,949,31,31,949,225,432,.521,41,114,.360,184,318,.579,67,83,.807,39,221,72,34,17,62,64,558
Lucy Olsen,WAS,G,27,316,27,0,316,38,89,.427,16,42,.381,22,47,.468,11,14,.786,7,28,32,6,2,12,30,103
Michaela Onyenwere,CHI,F,29,439,29,11,439,52,136,.382,16,45,.356,36,91,.396,20,22,.909,12,53,32,11,3,31,52,140
Te-Hina PaoPao,ATL,G,29,417,29,6,417,60,128,.469,32,72,.444,28,56,.500,7,13,.538,6,43,56,9,4,25,32,159
Robyn Parks,CON,F,6,63,6,0,63,1,5,.200,0,4,.000,1,1,1.000,0,0,,1,9,2,2,0,1,7,2
Shey Peddy,LAS,G,6,138,6,5,138,10,24,.417,5,13,.385,5,11,.455,5,6,.833,6,18,16,2,0,4,13,30
Haley Peters,CON,F-G,25,323,25,2,323,22,67,.328,5,30,.167,17,37,.459,8,11,.727,19,58,22,10,3,20,40,57
Kelsey Plum,LAS,G,29,1030,29,29,1030,172,418,.411,71,196,.362,101,222,.455,159,176,.903,4,91,177,36,3,92,87,574
Aerial Powers,GSV,G,2,7,2,0,7,0,2,.000,0,0,,0,2,.000,2,2,1.000,1,2,1,1,0,0,0,2
Alexis Prince,PHO,F,1,22,1,0,22,1,3,.333,0,1,.000,1,2,.500,0,0,,0,8,1,0,0,3,1,2
JJ Quinerly,DAL,G,29,440,29,13,440,68,162,.420,15,42,.357,53,120,.442,35,41,.854,17,55,64,22,6,42,59,186
Angel Reese,CHI,F,23,728,23,23,728,114,257,.444,4,20,.200,110,237,.464,94,119,.790,89,289,85,34,15,92,78,326
Saniya Rivers,CON,G,27,677,27,22,677,77,201,.383,18,68,.265,59,133,.444,29,41,.707,19,77,75,42,23,39,47,201
Iliana Rupert,GSV,C,8,159,8,2,159,23,53,.434,16,36,.444,7,17,.412,8,9,.889,11,31,8,5,1,10,21,70
Mercedes Russell,LAS,C,20,163,20,0,163,12,27,.444,0,0,,12,27,.444,10,14,.714,10,24,12,5,4,7,17,34
Nyara Sabally,NYL,C,15,291,15,10,291,35,71,.493,1,7,.143,34,64,.531,17,25,.680,26,74,13,9,16,16,36,88
Player,Team,Pos,G,MP,G,GS,MP,FG,FGA,FG%,3P,3PA,3P%,2P,2PA,2P%,FT,FTA,FT%,ORB,TRB,AST,STL,BLK,TOV,PF,PTS
Satou Sabally,PHO,F,25,665,25,25,665,142,357,.398,40,138,.290,102,219,.466,110,136,.809,37,167,58,33,10,54,80,434
Janelle Salaün,GSV,F,22,551,22,19,551,81,216,.375,30,97,.309,51,119,.429,30,37,.811,20,106,25,14,3,30,49,222
Karlie Samuelson,MIN,G,16,228,16,4,228,14,42,.333,12,34,.353,2,8,.250,13,14,.929,3,20,17,6,1,11,26,53
Jacy Sheldon,CON,G,28,676,28,17,676,79,168,.470,35,85,.412,44,83,.530,18,20,.900,21,54,56,27,6,30,67,211
Jessica Shepard,MIN,F,27,531,27,5,531,79,131,.603,0,1,.000,79,130,.608,41,70,.586,57,187,66,12,2,38,35,199
Jaylyn Sherrod,NYL,G,18,104,18,0,104,6,20,.300,3,11,.273,3,9,.333,7,9,.778,2,11,10,10,0,11,17,22
Maddy Siegrist,DAL,F,13,303,13,3,303,54,115,.470,7,34,.206,47,81,.580,16,27,.593,29,62,5,4,5,5,25,131
Odyssey Sims,LAS,G,12,354,12,11,354,40,96,.417,12,34,.353,28,62,.452,26,34,.765,6,35,42,10,1,17,27,118
Kamiah Smalls,ATL,G,3,3,3,0,3,0,0,,0,0,,0,0,,0,0,,0,0,0,0,0,0,0,0
Alanna Smith,MIN,F,30,792,30,30,792,118,243,.486,40,125,.320,78,118,.661,21,51,.412,50,159,85,38,60,47,84,297
Azura Stevens,LAS,F-C,30,865,30,30,865,158,314,.503,56,136,.412,102,178,.573,63,82,.768,57,247,59,38,39,49,76,435
Breanna Stewart,NYL,F,24,756,24,24,756,153,326,.469,14,68,.206,139,258,.539,120,145,.828,23,157,93,34,33,51,46,440
Kiah Stokes,LVA,C,29,448,29,18,448,17,47,.362,3,20,.150,14,27,.519,5,8,.625,26,128,16,15,12,15,44,42
Sug Sutton,WAS,G,29,739,29,29,739,80,182,.440,31,83,.373,49,99,.495,28,37,.757,6,48,96,26,3,51,37,219
Taylor Thierry,ATL,G-F,16,34,16,0,34,2,10,.200,1,3,.333,1,7,.143,1,4,.250,2,6,2,4,0,1,1,6
Alyssa Thomas,PHO,F,25,782,25,25,782,163,305,.534,0,3,.000,163,302,.540,72,102,.706,45,217,229,39,12,85,55,398
Kayla Thornton,GSV,F,22,662,22,22,662,100,276,.362,40,142,.282,60,134,.448,68,82,.829,40,154,33,29,5,36,52,308
Makayla Timpson,IND,F-C,22,176,22,0,176,26,48,.542,0,0,,26,48,.542,14,21,.667,17,51,1,12,6,6,21,66
Mamignan Touré,CON,F,6,39,6,0,39,3,10,.300,2,6,.333,1,4,.250,0,0,,0,1,2,4,0,3,8,8
Brianna Turner,IND,F-C,16,76,16,0,76,3,12,.250,0,0,,3,12,.250,1,2,.500,6,17,5,1,4,5,7,7
Player,Team,Pos,G,MP,G,GS,MP,FG,FGA,FG%,3P,3PA,3P%,2P,2PA,2P%,FT,FTA,FT%,ORB,TRB,AST,STL,BLK,TOV,PF,PTS
Maria Kliundikova,MIN,F,21,197,21,1,197,35,72,.486,5,15,.333,30,57,.526,9,14,.643,27,55,10,13,17,15,27,84
Courtney Vandersloot,CHI,G,7,191,7,7,191,29,66,.439,5,23,.217,24,43,.558,11,13,.846,2,22,37,11,2,17,13,74
Hailey Van Lith,CHI,G,25,324,25,0,324,36,104,.346,5,28,.179,31,76,.408,23,31,.742,4,27,40,10,4,33,19,100
Shatori Walker-Kimbrough,ATL,G,30,325,30,1,325,26,60,.433,11,29,.379,15,31,.484,8,11,.727,3,27,19,9,9,13,23,71
Kathryn Westbeld,PHO,F,29,599,29,24,599,60,167,.359,32,100,.320,28,67,.418,17,22,.773,22,82,35,29,19,20,53,169
Maddy Westbeld,CHI,F,19,237,19,0,237,24,68,.353,9,26,.346,15,42,.357,5,6,.833,16,42,11,8,6,12,32,62
Erica Wheeler,SEA,G,31,855,31,24,855,133,323,.412,50,141,.355,83,182,.456,37,44,.841,14,94,116,41,8,56,80,353
Sami Whitcomb,PHO,G,29,734,29,18,734,98,254,.386,59,173,.341,39,81,.481,32,38,.842,14,87,78,24,5,47,57,287
Courtney Williams,MIN,G,31,895,31,31,895,175,408,.429,44,113,.389,131,295,.444,36,43,.837,16,152,196,43,11,71,58,430
Elizabeth Williams,CHI,C-F,31,660,31,11,660,115,242,.475,0,0,,115,242,.475,36,61,.590,51,152,53,22,28,39,49,266
Gabby Williams,SEA,F,31,1019,31,31,1019,152,347,.438,40,128,.313,112,219,.511,51,58,.879,19,145,140,79,13,64,46,395
Kiana Williams,PHO,G,6,69,6,0,69,12,24,.500,5,14,.357,7,10,.700,1,2,.500,0,7,7,1,0,1,2,30
A'ja Wilson,LVA,C,27,817,27,27,817,208,426,.488,11,37,.297,197,389,.506,162,194,.835,51,248,89,44,59,63,58,589
Jackie Young,LVA,G,31,924,31,31,924,179,395,.453,51,155,.329,128,240,.533,115,126,.913,37,128,141,41,9,73,82,524
Cecilia Zandalasini,GSV,F,13,297,13,6,297,41,92,.446,24,58,.414,17,34,.500,17,19,.895,3,34,21,12,4,17,28,123
Grace Berger,TOT,G,6,105,6,0,105,6,26,.231,0,8,.000,6,18,.333,0,2,.000,4,19,13,4,1,6,14,12
Chloe Bibby,TOT,F,12,135,12,0,135,17,48,.354,14,37,.378,3,11,.273,8,9,.889,4,22,7,7,1,4,12,56
DeWanna Bonner,TOT,G-F,20,457,20,4,457,60,148,.405,23,66,.348,37,82,.451,48,56,.857,17,86,25,15,4,15,23,191
DiJonai Carrington,TOT,G-F,22,544,22,13,544,83,223,.372,16,55,.291,67,168,.399,51,64,.797,42,108,38,25,11,53,57,233
Kaila Charles,TOT,G-F,21,344,21,4,344,41,99,.414,15,38,.395,26,61,.426,24,29,.828,35,87,22,12,5,20,39,121
Player,Team,Pos,G,MP,G,GS,MP,FG,FGA,FG%,3P,3PA,3P%,2P,2PA,2P%,FT,FTA,FT%,ORB,TRB,AST,STL,BLK,TOV,PF,PTS
Alysha Clark,TOT,F,28,498,28,7,498,35,93,.376,17,56,.304,18,37,.486,11,13,.846,10,66,30,19,2,17,53,98
Marquesha Davis,TOT,G,11,52,11,0,52,2,10,.200,0,4,.000,2,6,.333,6,7,.857,3,7,1,0,2,6,3,10
Haley Jones,TOT,F-G,17,338,17,5,338,48,105,.457,7,19,.368,41,86,.477,12,16,.750,9,47,32,11,11,23,37,115
Liatu King,TOT,F,14,136,14,0,136,13,27,.481,1,6,.167,12,21,.571,11,15,.733,12,29,4,2,0,11,14,38
Diamond Miller,TOT,F,27,262,27,0,262,33,71,.465,14,27,.519,19,44,.432,29,35,.829,4,24,16,9,4,22,43,109
Tiffany Mitchell,TOT,G,27,404,27,3,404,30,83,.361,8,25,.320,22,58,.379,32,44,.727,10,37,10,12,7,18,45,100
Alissa Pili,TOT,F,15,85,15,0,85,10,23,.435,4,12,.333,6,11,.545,4,6,.667,4,17,3,2,0,7,11,28
NaLyssa Smith,TOT,F,33,676,33,29,676,93,192,.484,4,17,.235,89,175,.509,49,83,.590,65,181,24,19,23,38,96,239
Brittney Sykes,TOT,G,26,803,26,25,803,125,331,.378,23,73,.315,102,258,.395,126,161,.783,12,87,115,31,10,70,72,399
Stephanie Talbot,TOT,F,25,404,25,10,404,32,85,.376,13,47,.277,19,38,.500,15,23,.652,20,83,47,17,6,32,35,92
Sevgi Uzun,TOT,G,12,184,12,0,184,12,37,.324,2,13,.154,10,24,.417,5,8,.625,1,14,29,7,3,21,18,31
Julie Vanloo,TOT,G,22,323,22,2,323,28,84,.333,21,72,.292,7,12,.583,5,6,.833,4,26,53,9,0,39,33,82
Li Yueru,TOT,C,28,474,28,12,474,54,133,.406,17,44,.386,37,89,.416,39,46,.848,51,136,26,7,7,28,54,164
Grace Berger,LAS,G,1,16,1,0,16,0,4,.000,0,2,.000,0,2,.000,0,0,,1,1,1,0,0,3,1,0
Chloe Bibby,GSV,F,5,66,5,0,66,11,27,.407,8,19,.421,3,8,.375,2,2,1.000,3,14,3,3,0,0,6,32
DeWanna Bonner,IND,G-F,9,192,9,3,192,19,55,.345,9,25,.360,10,30,.333,17,19,.895,4,34,14,10,1,9,13,64
DiJonai Carrington,DAL,G-F,20,497,20,13,497,74,209,.354,13,50,.260,61,159,.384,47,57,.825,41,102,36,21,9,49,51,208
Kaila Charles,DAL,G-F,17,269,17,4,269,29,80,.363,10,30,.333,19,50,.380,22,27,.815,25,68,18,9,4,16,32,90
Alysha Clark,SEA,F,27,485,27,7,485,34,90,.378,16,55,.291,18,35,.514,11,13,.846,9,64,28,19,2,17,53,95
Marquesha Davis,NYL,G,9,31,9,0,31,1,4,.250,0,3,.000,1,1,1.000,6,7,.857,1,5,1,0,1,3,2,8
Player,Team,Pos,G,MP,G,GS,MP,FG,FGA,FG%,3P,3PA,3P%,2P,2PA,2P%,FT,FTA,FT%,ORB,TRB,AST,STL,BLK,TOV,PF,PTS
Haley Jones,PHO,F-G,4,48,4,0,48,4,12,.333,1,2,.500,3,10,.300,0,0,,2,8,4,1,1,2,4,9
Liatu King,LAS,F,12,120,12,0,120,12,24,.500,1,6,.167,11,18,.611,11,15,.733,10,25,4,2,0,11,12,36
Diamond Miller,MIN,F,25,243,25,0,243,30,63,.476,14,26,.538,16,37,.432,28,33,.848,4,22,15,8,4,20,38,102
Tiffany Mitchell,LVA,G,16,210,16,2,210,16,41,.390,4,13,.308,12,28,.429,23,29,.793,6,29,7,6,3,14,25,59
Alissa Pili,MIN,F,14,82,14,0,82,10,22,.455,4,11,.364,6,11,.545,3,4,.750,4,17,3,2,0,7,11,27
NaLyssa Smith,DAL,F,18,344,18,15,344,45,106,.425,2,11,.182,43,95,.453,29,47,.617,29,89,14,7,16,17,42,121
Brittney Sykes,WAS,G,25,774,25,25,774,120,317,.379,21,66,.318,99,251,.394,124,158,.785,12,85,109,31,8,68,67,385
Stephanie Talbot,GSV,F,16,268,16,10,268,20,59,.339,8,32,.250,12,27,.444,9,14,.643,14,53,32,9,1,19,21,57
Sevgi Uzun,PHO,G,7,102,7,0,102,3,14,.214,1,8,.125,2,6,.333,4,6,.667,0,6,14,4,3,10,9,11
Julie Vanloo,GSV,G,9,180,9,2,180,14,48,.292,8,38,.211,6,10,.600,5,6,.833,2,17,37,6,0,23,16,41
Li Yueru,SEA,C,9,78,9,0,78,6,20,.300,2,4,.500,4,16,.250,11,12,.917,4,14,6,1,0,7,13,25
Grace Berger,DAL,G,5,89,5,0,89,6,22,.273,0,6,.000,6,16,.375,0,2,.000,3,18,12,4,1,3,13,12
Haley Jones,DAL,F-G,13,290,13,5,290,44,93,.473,6,17,.353,38,76,.500,12,16,.750,7,39,28,10,10,21,33,106
Chloe Bibby,IND,F,7,69,7,0,69,6,21,.286,6,18,.333,0,3,.000,6,7,.857,1,8,4,4,1,4,6,24
Sevgi Uzun,CHI,G,5,82,5,0,82,9,23,.391,1,5,.200,8,18,.444,1,2,.500,1,8,15,3,0,11,9,20
DeWanna Bonner,PHO,G-F,11,265,11,1,265,41,93,.441,14,41,.341,27,52,.519,31,37,.838,13,52,11,5,3,6,10,127
Marquesha Davis,CHI,G,2,21,2,0,21,1,6,.167,0,1,.000,1,5,.200,0,0,,2,2,0,0,1,3,1,2
Julie Vanloo,LAS,G,13,143,13,0,143,14,36,.389,13,34,.382,1,2,.500,0,0,,2,9,16,3,0,16,17,41
Li Yueru,DAL,C,19,396,19,12,396,48,113,.425,15,40,.375,33,73,.452,28,34,.824,47,122,20,6,7,21,41,139
Liatu King,DAL,F,2,16,2,0,16,1,3,.333,0,0,,1,3,.333,0,0,,2,4,0,0,0,0,2,2
Player,Team,Pos,G,MP,G,GS,MP,FG,FGA,FG%,3P,3PA,3P%,2P,2PA,2P%,FT,FTA,FT%,ORB,TRB,AST,STL,BLK,TOV,PF,PTS
Alissa Pili,LAS,F,1,3,1,0,3,0,1,.000,0,1,.000,0,0,,1,2,.500,0,0,0,0,0,0,0,1
Tiffany Mitchell,SEA,G,11,194,11,1,194,14,42,.333,4,12,.333,10,30,.333,9,15,.600,4,8,3,6,4,4,20,41
Stephanie Talbot,NYL,F,9,136,9,0,136,12,26,.462,5,15,.333,7,11,.636,6,9,.667,6,30,15,8,5,13,14,35
Kaila Charles,GSV,G-F,4,75,4,0,75,12,19,.632,5,8,.625,7,11,.636,2,2,1.000,10,19,4,3,1,4,7,31
NaLyssa Smith,LVA,F,15,332,15,14,332,48,86,.558,2,6,.333,46,80,.575,20,36,.556,36,92,10,12,7,21,54,118
DiJonai Carrington,MIN,G-F,2,47,2,0,47,9,14,.643,3,5,.600,6,9,.667,4,7,.571,1,6,2,4,2,4,6,25
Diamond Miller,DAL,F,2,19,2,0,19,3,8,.375,0,1,.000,3,7,.429,1,2,.500,0,2,1,1,0,2,5,7
Brittney Sykes,SEA,G,1,29,1,0,29,5,14,.357,2,7,.286,3,7,.429,2,3,.667,0,2,6,0,2,2,5,14
Alysha Clark,WAS,F,1,13,1,0,13,1,3,.333,1,1,1.000,0,2,.000,0,0,,1,2,2,0,0,0,0,3
