Player,Team,Pos,G,MP,G.1,GS,MP.1,FG,FGA,FG%,3P,3PA,3P%,2P,2PA,2P%,FT,FTA,FT%,ORB,TRB,AST,STL,BLK,TOV,PF,PTS
Kayla Alexander,TOR,C,4,40,4,0,40,3,7,.429,0,0,,3,7,.429,3,4,.750,4,11,2,1,1,4,4,9
Julie Allemand,TOR,G,33,933,33,31,933,75,141,.532,39,93,.419,36,48,.750,10,14,.714,9,104,180,44,12,57,61,199
Rebecca Allen,NYL,F-G,29,526,29,12,526,58,138,.420,39,96,.406,19,42,.452,13,15,.867,17,74,18,15,13,17,62,168
Laeticia Amihere,GSV,F,39,457,39,1,457,56,114,.491,7,17,.412,49,97,.505,33,57,.579,47,117,38,18,30,30,60,152
Georgia Amoore,WAS,G,44,1014,44,44,1014,100,269,.372,68,193,.352,32,76,.421,40,47,.851,12,60,151,14,5,88,106,308
Nell Angloma,CON,F,40,504,40,1,504,62,156,.397,6,36,.167,56,120,.467,44,68,.647,32,77,35,22,10,31,75,174
Pauline Astier,NYL,G,44,1027,44,39,1027,153,280,.546,19,57,.333,134,223,.601,84,96,.875,29,119,147,36,6,74,136,409
Ariel Atkins,LAS,G,42,1128,42,42,1128,127,333,.381,48,170,.282,79,163,.485,55,59,.932,28,120,119,68,16,59,131,357
Shakira Austin,WAS,C,43,1265,43,43,1265,261,540,.483,17,54,.315,244,486,.502,190,262,.725,81,408,111,35,53,120,81,729
Valeriane Ayayi,PHO,F,35,568,35,5,568,51,140,.364,19,69,.275,32,71,.451,99,121,.818,24,97,44,17,8,46,66,220
Rachel Banham,CHI,G,40,550,40,2,550,70,192,.365,45,139,.324,25,53,.472,15,19,.789,3,46,51,11,8,31,51,200
Ornella Bankole,TOR,F,14,207,14,0,207,17,37,.459,7,16,.438,10,21,.476,6,7,.857,14,32,15,2,0,5,43,47
Sarah Ashlee Barker,POR,G,26,642,26,15,642,108,215,.502,36,90,.400,72,125,.576,26,35,.743,21,117,62,23,9,52,64,278
Raegan Beers,CON,F,38,479,38,3,479,62,126,.492,2,7,.286,60,119,.504,47,66,.712,49,123,32,16,11,35,108,173
Kierstan Bell,LVA,F,28,270,28,0,270,19,69,.275,12,50,.240,7,19,.368,3,4,.750,10,40,16,6,10,14,28,53
Lauren Betts,WAS,C,44,777,44,1,777,111,212,.524,0,0,,111,212,.524,61,88,.693,56,203,51,25,37,40,61,283
Monique Billings,IND,F,43,805,43,31,805,96,186,.516,5,18,.278,91,168,.542,81,107,.757,76,204,41,36,20,34,92,278
Isobel Borlase,ATL,G,44,572,44,1,572,78,180,.433,22,68,.324,56,112,.500,34,38,.895,12,65,45,14,4,33,53,212
Aliyah Boston,IND,C-F,40,1083,40,40,1083,247,468,.528,43,106,.406,204,362,.564,108,133,.812,69,318,119,60,48,91,125,645
Cameron Brink,LAS,F,31,595,31,1,595,102,220,.464,28,89,.315,74,131,.565,64,83,.771,45,155,46,20,55,75,111,296
Noémie Brochant,PHO,F-G,43,1013,43,33,1013,108,240,.450,44,119,.370,64,121,.529,13,19,.684,17,89,80,45,9,44,65,273
Player,Team,Pos,G,MP,G,GS,MP,FG,FGA,FG%,3P,3PA,3P%,2P,2PA,2P%,FT,FTA,FT%,ORB,TRB,AST,STL,BLK,TOV,PF,PTS
Kalani Brown,LVA,C,3,18,3,0,18,7,9,.778,0,0,,7,9,.778,4,5,.800,3,5,1,1,2,2,3,18
Lexie Brown,SEA,G,10,148,10,0,148,12,26,.462,9,20,.450,3,6,.500,5,6,.833,1,13,11,5,1,10,13,38
Paige Bueckers,DAL,G,42,1376,42,42,1376,335,654,.512,80,195,.410,255,459,.556,128,147,.871,26,174,247,40,18,91,105,878
Frieda Bühner,POR,F-C,39,603,39,0,603,84,193,.435,34,97,.351,50,96,.521,42,48,.875,27,81,29,13,2,35,64,244
Kennedy Burke,CON,G-F,37,881,37,14,881,112,279,.401,44,136,.324,68,143,.476,57,80,.713,38,119,53,46,30,55,55,325
Rae Burrell,LAS,G-F,43,1240,43,35,1240,215,473,.455,69,180,.383,146,293,.498,127,156,.814,24,101,107,35,26,103,68,626
Veronica Burton,GSV,G,44,1259,44,44,1259,171,405,.422,61,172,.355,110,233,.472,133,159,.836,50,160,252,69,20,64,115,536
Maya Caldwell,MIN,G,44,629,44,5,629,63,170,.371,31,85,.365,32,85,.376,22,27,.815,39,104,48,28,7,32,63,179
Jordin Canada,ATL,G,43,1338,43,43,1338,163,378,.431,40,137,.292,123,241,.510,133,170,.782,29,151,313,82,11,105,112,499
Emma Cannon,LAS,F,18,136,18,2,136,20,41,.488,12,25,.480,8,16,.500,19,25,.760,9,26,6,1,2,14,29,71
Kamilla Cardoso,CHI,C,43,1141,43,43,1141,243,441,.551,0,0,,243,441,.551,145,196,.740,121,371,106,26,63,76,154,631
Bridget Carleton,POR,F,40,1235,40,40,1235,195,481,.405,111,302,.368,84,179,.469,82,93,.882,29,178,85,63,17,47,86,583
Raquel Carrera,NYL,C,24,155,24,1,155,14,23,.609,3,9,.333,11,14,.786,9,14,.643,9,29,11,4,2,8,18,40
DiJonai Carrington,CHI,G-F,11,178,11,0,178,31,94,.330,7,25,.280,24,69,.348,28,38,.737,5,34,7,7,2,9,22,97
Chennedy Carter,LVA,G,13,220,13,0,220,60,100,.600,11,21,.524,49,79,.620,28,37,.757,9,23,17,11,4,17,32,159
Sha Carter,PHO,F,13,81,13,0,81,3,18,.167,0,9,.000,3,9,.333,9,16,.563,3,9,7,5,0,2,11,15
Emma Čechová,MIN,C,3,52,3,0,52,10,16,.625,0,1,.000,10,15,.667,5,8,.625,4,11,0,1,2,4,12,25
Kaila Charles,GSV,G-F,44,890,44,11,890,104,256,.406,27,98,.276,77,158,.487,43,56,.768,70,206,61,35,11,43,104,278
Kaitlyn Chen,GSV,G,44,673,44,0,673,127,241,.527,30,72,.417,97,169,.574,31,43,.721,13,50,85,13,1,51,54,315
Shay Ciezki,PHO,G,8,125,8,0,125,21,44,.477,7,18,.389,14,26,.538,19,21,.905,2,12,13,3,2,6,19,68
Player,Team,Pos,G,MP,G,GS,MP,FG,FGA,FG%,3P,3PA,3P%,2P,2PA,2P%,FT,FTA,FT%,ORB,TRB,AST,STL,BLK,TOV,PF,PTS
Sonia Citron,WAS,G,40,1319,40,40,1319,215,445,.483,55,161,.342,160,284,.563,186,212,.877,35,151,176,47,25,96,82,671
Alysha Clark,DAL,F,30,342,30,1,342,24,59,.407,14,40,.350,10,19,.526,17,26,.654,11,51,20,6,8,15,55,79
Caitlin Clark,IND,G,40,1244,40,40,1244,282,633,.445,114,316,.361,168,317,.530,213,250,.852,9,158,333,42,19,183,125,891
Natasha Cloud,CHI,G,40,1127,40,27,1127,150,306,.490,45,126,.357,105,180,.583,100,117,.855,11,135,193,42,13,86,117,445
Nia Coffey,MIN,F,44,981,44,28,981,102,236,.432,55,144,.382,47,92,.511,14,24,.583,38,186,77,41,44,31,94,273
Napheesa Collier,MIN,F,16,469,16,16,469,101,202,.500,24,54,.444,77,148,.520,42,49,.857,18,110,41,20,15,35,28,268
María Conde,TOR,F,35,924,35,20,924,104,290,.359,53,156,.340,51,134,.381,37,42,.881,32,158,89,18,6,56,67,298
Zia Cooke,SEA,G,41,616,41,1,616,99,285,.347,32,109,.294,67,176,.381,79,98,.806,19,68,44,16,1,44,56,309
Kahleah Copper,PHO,G-F,40,1317,40,40,1317,289,643,.449,68,228,.298,221,415,.533,213,270,.789,21,147,75,33,4,95,107,859
Aicha Coulibaly,CHI,G,30,407,30,5,407,48,110,.436,1,22,.045,47,88,.534,58,65,.892,16,79,18,20,7,22,47,155
Sophie Cunningham,IND,G,43,956,43,3,956,104,226,.460,67,160,.419,37,66,.561,63,74,.851,10,97,52,23,5,31,79,338
Damiris Dantas,IND,C-F,12,98,12,0,98,13,32,.406,7,20,.350,6,12,.500,7,9,.778,4,18,4,2,2,9,22,40
Antonia Delaere,MIN,G,39,458,39,0,458,42,93,.452,26,63,.413,16,30,.533,7,7,1.000,8,32,42,16,0,19,41,117
Skylar Diggins,CHI,G,19,553,19,19,553,87,222,.392,26,68,.382,61,154,.396,69,89,.775,13,60,93,18,11,33,41,269
Stefanie Dolson,SEA,C,44,658,44,12,658,46,103,.447,23,57,.404,23,46,.500,29,34,.853,26,106,51,12,19,38,97,144
Angela Dugalić,WAS,F,38,331,38,3,331,40,92,.435,4,32,.125,36,60,.600,17,25,.680,20,84,22,12,7,23,35,101
Kara Dunn,PHO,G,4,60,4,0,60,8,19,.421,8,14,.571,0,5,.000,2,2,1.000,4,6,2,1,0,1,6,26
Aaliyah Edwards,CON,F,30,618,30,21,618,129,249,.518,7,18,.389,122,231,.528,67,92,.728,44,140,30,23,10,52,70,332
Emily Engstler,POR,F,44,1085,44,44,1085,167,359,.465,56,151,.371,111,208,.534,56,78,.718,55,252,92,61,63,83,136,446
Dana Evans,LVA,G,14,214,14,1,214,18,63,.286,12,31,.387,6,32,.188,3,6,.500,0,19,29,3,2,15,13,51
Player,Team,Pos,G,MP,G,GS,MP,FG,FGA,FG%,3P,3PA,3P%,2P,2PA,2P%,FT,FTA,FT%,ORB,TRB,AST,STL,BLK,TOV,PF,PTS
Temi Fagbenle,TOR,C,25,444,25,10,444,59,118,.500,11,32,.344,48,86,.558,18,32,.563,32,85,24,13,8,32,58,147
Awa Fam,SEA,C,37,1024,37,26,1024,146,329,.444,56,159,.352,90,170,.529,32,40,.800,72,220,66,30,28,61,101,380
Mariella Fasoula,TOR,C,3,15,3,0,15,2,5,.400,0,0,,2,5,.400,0,0,,1,3,1,1,2,2,5,4
Marine Fauthoux,NYL,G,21,260,21,0,260,28,68,.412,12,40,.300,16,28,.571,24,34,.706,6,42,40,3,0,24,19,92
Sania Feagin,LAS,F,3,10,3,0,10,0,1,.000,0,0,,0,1,.000,0,0,,0,1,2,0,0,0,3,0
Leonie Fiebich,NYL,F,21,603,21,21,603,60,139,.432,35,85,.412,25,54,.463,29,34,.853,26,64,44,24,2,37,50,184
Nadia Fingall,GSV,C,10,32,10,0,32,4,6,.667,1,3,.333,3,3,1.000,2,2,1.000,3,5,2,0,0,1,1,11
Alicia Flórez,WAS,G,35,423,35,0,423,45,122,.369,9,45,.200,36,77,.468,22,40,.550,11,48,68,21,5,41,53,121
Alex Fowler,NYL,F,2,31,2,0,31,4,10,.400,2,7,.286,2,3,.667,2,2,1.000,0,0,1,1,0,3,10,12
Azzi Fudd,DAL,G,30,950,30,24,950,156,342,.456,62,156,.397,94,186,.505,19,23,.826,16,52,55,52,25,33,68,393
Rebekah Gardner,NYL,G,42,624,42,2,624,80,163,.491,12,47,.255,68,116,.586,40,43,.930,38,100,50,22,9,27,68,212
Luisa Geiselsöder,POR,C,21,348,21,9,348,33,100,.330,16,55,.291,17,45,.378,12,15,.800,10,55,27,7,8,19,53,94
Allisha Gray,ATL,G,44,1434,44,44,1434,280,606,.462,81,240,.338,199,366,.544,196,242,.810,30,152,117,60,16,66,122,837
Chelsea Gray,LVA,G,43,1406,43,43,1406,189,429,.441,74,203,.365,115,226,.509,66,71,.930,11,142,286,62,14,119,85,518
Chance Gray,LAS,G,40,459,40,0,459,38,102,.373,28,78,.359,10,24,.417,20,23,.870,10,43,41,6,1,25,31,124
Zaay Green,TOR,G,7,67,7,0,67,6,20,.300,3,14,.214,3,6,.500,0,0,,3,7,1,1,0,4,8,15
Aubrey Griffin,NYL,G-F,4,8,4,0,8,1,1,1.000,0,0,,1,1,1.000,0,0,,0,1,0,0,0,1,1,2
Brittney Griner,CON,C,18,455,18,18,455,97,184,.527,1,4,.250,96,180,.533,43,64,.672,35,105,45,8,32,32,48,238
Aminata Gueye,GSV,C,1,4,1,0,4,0,1,.000,0,0,,0,1,.000,0,0,,0,0,0,0,0,1,2,0
Megan DiLeo,POR,C,41,994,41,32,994,209,380,.550,52,150,.347,157,230,.683,66,81,.815,58,177,37,18,27,31,106,536
Player,Team,Pos,G,MP,G,GS,MP,FG,FGA,FG%,3P,3PA,3P%,2P,2PA,2P%,FT,FTA,FT%,ORB,TRB,AST,STL,BLK,TOV,PF,PTS
Bree Hall,IND,G,5,27,5,0,27,6,12,.500,3,6,.500,3,6,.500,1,5,.200,1,6,1,0,0,0,0,16
Dearica Hamby,LAS,F,42,1204,42,42,1204,232,420,.552,9,39,.231,223,381,.585,134,195,.687,80,292,100,61,18,79,119,607
Eliška Joklová,MIN,G,21,112,21,0,112,10,23,.435,0,6,.000,10,17,.588,16,21,.762,7,22,23,3,3,11,17,36
Rori Harmon,WAS,G,15,76,15,0,76,4,11,.364,1,5,.200,3,6,.500,3,4,.750,0,8,14,5,0,12,12,12
Isabelle Harrison,TOR,F,32,759,32,26,759,147,346,.425,22,79,.278,125,267,.468,92,126,.730,60,222,47,27,22,57,81,408
Jordan Harrison,POR,G,16,226,16,2,226,27,64,.422,6,23,.261,21,41,.512,21,28,.750,8,28,67,11,2,32,35,81
Tyasha Harris,IND,G,39,532,39,4,532,54,128,.422,25,71,.352,29,57,.509,25,29,.862,6,42,79,11,7,20,41,158
Tiffany Hayes,GSV,G,42,712,42,4,712,126,274,.460,26,92,.283,100,182,.549,101,129,.783,22,85,107,32,10,51,86,379
Natisha Hiedeman,SEA,G,40,1198,40,40,1198,209,479,.436,70,216,.324,139,263,.529,98,114,.860,10,99,199,42,5,90,69,586
Naz Hillmon,ATL,F,43,1236,43,41,1236,147,319,.461,52,170,.306,95,149,.638,45,55,.818,65,196,68,26,16,56,90,391
Myisha Hines-Allen,IND,F,38,527,38,3,527,58,119,.487,8,25,.320,50,94,.532,20,33,.606,22,125,56,18,14,44,78,144
Emese Hof,MIN,C,3,21,3,0,21,3,6,.500,0,0,,3,6,.500,1,2,.500,2,5,2,0,0,4,6,7
Joyner Holmes,SEA,F,1,15,1,0,15,1,4,.250,0,1,.000,1,3,.333,0,0,,1,5,1,0,3,2,1,2
Mackenzie Holmes,SEA,F,29,289,29,0,289,31,56,.554,6,13,.462,25,43,.581,12,17,.706,29,85,17,20,6,13,40,80
Jordan Horston,SEA,F,37,649,37,23,649,64,177,.362,13,61,.213,51,116,.440,25,37,.676,35,131,47,37,18,46,65,166
Natasha Howard,MIN,F,44,1249,44,44,1249,266,445,.598,3,16,.188,263,429,.613,116,161,.720,149,336,144,70,44,110,149,651
Rhyne Howard,ATL,G,43,1472,43,43,1472,249,615,.405,134,377,.355,115,238,.483,131,152,.862,31,165,160,99,39,58,126,763
Lexie Hull,IND,G,44,819,44,41,819,83,194,.428,34,101,.337,49,93,.527,29,35,.829,39,132,30,26,8,33,114,229
Sabrina Ionescu,NYL,G,31,924,31,30,924,149,384,.388,59,200,.295,90,184,.489,95,106,.896,21,118,146,23,10,87,54,452
Kiki Iriafen,WAS,F,41,1154,41,41,1154,244,476,.513,15,45,.333,229,431,.531,123,189,.651,129,394,62,27,18,72,135,626
Player,Team,Pos,G,MP,G,GS,MP,FG,FGA,FG%,3P,3PA,3P%,2P,2PA,2P%,FT,FTA,FT%,ORB,TRB,AST,STL,BLK,TOV,PF,PTS
Ashlon Jackson,CON,G,19,261,19,0,261,24,66,.364,15,49,.306,9,17,.529,1,4,.250,2,24,16,9,1,7,15,64
Rickea Jackson,CHI,F,4,118,4,4,118,24,60,.400,6,21,.286,18,39,.462,18,22,.818,4,19,8,1,7,8,7,72
Aziaha James,DAL,G,39,461,39,2,461,85,219,.388,15,61,.246,70,158,.443,51,69,.739,24,92,50,35,9,30,59,236
Gabriela Jaquez,CHI,G,39,761,39,18,761,103,234,.440,19,71,.268,84,163,.515,53,65,.815,27,116,35,27,2,44,58,278
Justė Jocytė,GSV,G-F,16,129,16,0,129,17,46,.370,11,26,.423,6,20,.300,5,6,.833,4,12,17,3,1,11,12,50
Marine Johannes,NYL,G,41,825,41,18,825,115,283,.406,86,227,.379,29,56,.518,22,26,.846,15,82,98,31,5,65,64,338
Flau'jae Johnson,SEA,G,42,1204,42,42,1204,221,550,.402,60,203,.296,161,347,.464,124,155,.800,49,202,123,58,29,110,116,626
Raven Johnson,IND,G,39,425,39,0,425,51,125,.408,11,47,.234,40,78,.513,9,13,.692,19,67,47,16,6,28,48,122
Brionna Jones,ATL,F,9,152,9,0,152,27,52,.519,1,6,.167,26,46,.565,19,21,.905,18,50,18,3,6,9,22,74
Jonquel Jones,NYL,C,43,1213,43,43,1213,213,430,.495,78,199,.392,135,231,.584,121,149,.812,84,390,110,25,48,92,125,625
Dorka Juhász,MIN,F,21,320,21,0,320,30,81,.370,15,52,.288,15,29,.517,1,4,.250,9,66,30,5,13,14,22,76
Laura Juškaitė,TOR,F,44,1118,44,36,1118,172,366,.470,44,138,.319,128,228,.561,107,131,.817,49,186,77,60,11,91,145,495
Teonni Key,TOR,F,39,433,39,1,433,34,89,.382,3,21,.143,31,68,.456,13,24,.542,35,82,20,16,19,23,54,84
Liatu King,MIN,F,12,105,12,0,105,16,31,.516,2,10,.200,14,21,.667,8,15,.533,11,28,2,6,4,5,15,42
Gianna Kneepkens,CON,G,36,367,36,5,367,44,116,.379,13,59,.220,31,57,.544,25,26,.962,17,50,20,8,3,12,52,126
Sika Koné,ATL,F,35,174,35,1,174,21,61,.344,6,29,.207,15,32,.469,15,21,.714,14,36,7,2,0,9,34,63
Anastasiia Kosu,MIN,F,30,307,30,0,307,39,82,.476,2,3,.667,37,79,.468,28,33,.848,35,59,20,17,12,19,37,108
Awak Kuier,DAL,F,41,764,41,26,764,96,189,.508,32,82,.390,64,107,.598,35,49,.714,31,160,43,24,72,41,71,259
Leïla Lacan,CON,G,30,840,30,30,840,130,308,.422,33,102,.324,97,206,.471,49,67,.731,15,56,134,48,10,70,83,342
Kitija Laksa,DAL,G,4,40,4,0,40,5,20,.250,2,12,.167,3,8,.375,0,0,,3,7,0,0,1,4,8,12
Player,Team,Pos,G,MP,G,GS,MP,FG,FGA,FG%,3P,3PA,3P%,2P,2PA,2P%,FT,FTA,FT%,ORB,TRB,AST,STL,BLK,TOV,PF,PTS
Charlisse Leger-Walker,CON,G,44,1041,44,32,1041,113,298,.379,43,129,.333,70,169,.414,48,61,.787,15,112,161,35,11,81,98,317
Carla Leite,POR,G,39,1014,39,38,1014,187,407,.459,37,92,.402,150,315,.476,215,250,.860,24,84,245,25,2,129,101,626
Kyara Linskens,PHO,C,19,202,19,1,202,19,58,.328,7,26,.269,12,32,.375,12,17,.706,13,45,12,10,14,11,30,57
Darianna Littlepage-Buggs,WAS,G-F,4,7,4,0,7,2,3,.667,1,1,1.000,1,2,.500,0,0,,0,1,0,0,0,0,0,5
Jewell Loyd,LVA,G,42,1089,42,3,1089,111,304,.365,73,217,.336,38,87,.437,43,54,.796,19,96,57,44,5,37,91,338
Marina Mabrey,TOR,G,32,944,32,32,944,218,494,.441,105,273,.385,113,221,.511,126,143,.881,17,105,118,29,12,99,84,667
Natasha Mack,PHO,F-C,36,815,36,27,815,135,224,.603,2,9,.222,133,215,.619,48,59,.814,80,241,41,33,48,34,88,320
Ezi Magbegor,SEA,F-C,14,286,14,9,286,37,93,.398,8,26,.308,29,67,.433,14,16,.875,7,56,25,11,17,15,35,96
Taina Mair,SEA,G,10,51,10,0,51,4,19,.211,3,9,.333,1,10,.100,2,2,1.000,2,4,5,0,1,4,7,13
Dominique Malonga,SEA,C,35,925,35,34,925,237,486,.488,22,79,.278,215,407,.528,104,141,.738,86,307,58,36,48,94,99,600
Morgan Maly,CHI,F,5,70,5,0,70,8,18,.444,5,11,.455,3,7,.429,4,4,1.000,0,14,3,1,3,1,9,25
Rayah Marshall,CON,C-F,6,35,6,0,35,3,9,.333,0,0,,3,9,.333,4,6,.667,5,9,4,0,2,3,4,10
Kayla McBride,MIN,G,44,1406,44,44,1406,253,554,.457,126,306,.412,127,248,.512,143,155,.923,25,132,96,72,10,55,84,775
Teaira McCowan,MIN,C,10,68,10,0,68,7,15,.467,0,0,,7,15,.467,0,3,.000,5,24,3,1,5,6,19,14
Aari McDonald,MIN,G,3,46,3,0,46,5,19,.263,3,9,.333,2,10,.200,9,10,.900,1,2,6,3,0,4,4,22
Cotie McMahon,WAS,G,42,822,42,6,822,94,230,.409,25,83,.301,69,147,.469,66,109,.606,20,120,78,22,6,45,81,279
Jade Melbourne,SEA,G,42,1030,42,32,1030,126,291,.433,33,107,.308,93,184,.505,97,125,.776,16,90,157,38,9,74,120,382
Olivia Miles,MIN,G,40,1239,40,40,1239,279,567,.492,64,165,.388,215,402,.535,168,193,.870,23,186,238,52,25,123,119,790
Nikolina Milic,TOR,C,7,63,7,1,63,9,19,.474,0,2,.000,9,17,.529,3,4,.750,2,9,3,0,0,5,7,21
Diamond Miller,CON,F,43,975,43,43,975,138,378,.365,53,163,.325,85,215,.395,91,118,.771,18,115,60,30,11,62,138,423
Player,Team,Pos,G,MP,G,GS,MP,FG,FGA,FG%,3P,3PA,3P%,2P,2PA,2P%,FT,FTA,FT%,ORB,TRB,AST,STL,BLK,TOV,PF,PTS
Kelsey Mitchell,IND,G,44,1430,44,44,1430,381,748,.509,135,300,.450,246,448,.549,189,222,.851,24,75,121,46,5,72,106,1086
Tonie Morgan,LAS,G,12,197,12,1,197,27,47,.574,4,11,.364,23,36,.639,10,16,.625,3,15,32,11,2,20,21,68
Olivia Nelson-Ododa,CON,C,33,700,33,23,700,125,217,.576,0,2,.000,125,215,.581,84,123,.683,53,194,54,25,26,53,99,334
Indya Nivar,ATL,G,23,68,23,0,68,9,21,.429,3,4,.750,6,17,.353,1,13,.077,4,18,8,5,2,4,16,22
Jovana Nogić,PHO,G,16,323,16,7,323,50,119,.420,32,76,.421,18,43,.419,34,38,.895,7,17,26,10,0,23,36,166
Kia Nurse,TOR,G,43,613,43,4,613,69,207,.333,49,150,.327,20,57,.351,50,56,.893,10,50,45,16,0,22,56,237
Teja Oblak,POR,G,29,388,29,1,388,63,151,.417,22,60,.367,41,91,.451,13,18,.722,15,46,92,19,1,72,44,161
Arike Ogunbowale,DAL,G,44,1321,44,44,1321,220,542,.406,76,234,.325,144,308,.468,156,175,.891,36,134,145,44,3,68,102,672
Nneka Ogwumike,LAS,F,43,1328,43,43,1328,295,572,.516,58,150,.387,237,422,.562,94,110,.855,78,389,133,50,14,79,70,742
Madina Okot,ATL,C,42,382,42,2,382,91,157,.580,1,9,.111,90,148,.608,43,56,.768,49,140,11,14,12,50,68,226
Lucy Olsen,WAS,G,22,145,22,0,145,19,44,.432,8,21,.381,11,23,.478,9,11,.818,1,11,18,4,1,11,18,55
Michaela Onyenwere,WAS,F,40,993,40,40,993,120,274,.438,58,147,.395,62,127,.488,63,75,.840,54,102,67,16,6,65,102,361
Ugonne Onyiah,IND,F-C,2,13,2,0,13,1,3,.333,0,0,,1,3,.333,2,5,.400,2,5,0,0,0,2,1,4
Charisma Osborne,POR,G,3,59,3,0,59,9,19,.474,5,10,.500,4,9,.444,6,7,.857,2,5,4,3,1,3,7,29
Te-Hina PaoPao,ATL,G,35,405,35,1,405,45,127,.354,30,84,.357,15,43,.349,9,10,.900,5,27,46,6,3,17,40,129
Cheyenne Parker-Tyus,LVA,F,31,348,31,1,348,55,106,.519,9,17,.529,46,89,.517,48,62,.774,31,89,22,15,23,18,57,167
Jihyun Park,LAS,G,36,330,36,0,330,29,71,.408,9,35,.257,20,36,.556,13,23,.565,11,37,20,15,1,10,40,80
Alissa Pili,LAS,F,5,40,5,0,40,4,12,.333,2,4,.500,2,8,.250,0,2,.000,5,11,4,1,0,4,7,10
Justine Pissott,LVA,G-F,10,87,10,0,87,13,36,.361,10,27,.370,3,9,.333,2,2,1.000,0,10,4,2,3,3,13,38
Tima Pouye,TOR,G,19,178,19,1,178,19,55,.345,8,26,.308,11,29,.379,14,18,.778,6,16,22,4,0,14,32,60
Player,Team,Pos,G,MP,G,GS,MP,FG,FGA,FG%,3P,3PA,3P%,2P,2PA,2P%,FT,FTA,FT%,ORB,TRB,AST,STL,BLK,TOV,PF,PTS
Ashten Prechtel,GSV,F,6,43,6,0,43,3,9,.333,2,6,.333,1,3,.333,3,3,1.000,2,11,3,1,4,7,11,11
Cassandre Prosper,WAS,G,38,364,38,2,364,31,103,.301,8,43,.186,23,60,.383,9,18,.500,24,38,17,9,3,22,63,79
Nyadiew Puoch,POR,F,42,775,42,28,775,68,186,.366,22,90,.244,46,96,.479,23,36,.639,34,91,32,30,6,27,95,181
JJ Quinerly,DAL,G,2,12,2,0,12,1,3,.333,0,1,.000,1,2,.500,0,0,,0,1,2,0,1,0,0,2
Angel Reese,ATL,F,43,1335,43,43,1335,250,554,.451,11,57,.193,239,497,.481,194,269,.721,206,521,120,77,32,133,160,705
Kiki Rice,TOR,G,28,759,28,20,759,128,271,.472,26,74,.351,102,197,.518,93,107,.869,35,103,97,22,6,50,82,375
Saniya Rivers,CON,G,38,856,38,18,856,103,300,.343,13,76,.171,90,224,.402,45,75,.600,17,96,116,41,25,51,67,264
Mercedes Russell,IND,C,7,68,7,0,68,2,8,.250,0,0,,2,8,.250,7,10,.700,1,8,4,4,0,1,11,11
Nyara Sabally,TOR,F,24,573,24,20,573,108,205,.527,20,51,.392,88,154,.571,59,82,.720,43,126,41,24,21,38,65,295
Satou Sabally,NYL,F,13,218,13,5,218,45,98,.459,20,52,.385,25,46,.543,25,29,.862,5,36,25,1,2,22,34,135
Janelle Salaün,GSV,F,40,882,40,0,882,165,388,.425,93,237,.392,72,151,.477,86,108,.796,42,158,48,23,4,32,85,509
Karlie Samuelson,POR,G,32,513,32,4,513,44,124,.355,31,103,.301,13,21,.619,33,37,.892,16,49,28,18,3,13,57,152
Katie Lou Samuelson,SEA,G,32,491,32,1,491,47,116,.405,26,81,.321,21,35,.600,22,28,.786,12,67,26,26,3,15,30,142
Madison Scott,NYL,G-F,2,6,2,0,6,2,2,1.000,0,0,,2,2,1.000,0,1,.000,0,0,1,0,0,0,0,4
Shyanne Sellers,LAS,G,2,21,2,0,21,1,6,.167,1,2,.500,0,4,.000,1,2,.500,0,2,2,2,0,1,4,4
Jacy Sheldon,CHI,G,44,907,44,18,907,102,240,.425,36,120,.300,66,120,.550,42,49,.857,17,61,77,36,11,44,105,282
Jessica Shepard,DAL,F,42,1333,42,42,1333,248,431,.575,1,11,.091,247,420,.588,111,164,.677,118,467,223,30,3,81,87,608
Maddy Siegrist,DAL,F,41,609,41,10,609,104,218,.477,35,83,.422,69,135,.511,25,30,.833,36,110,36,16,15,13,70,268
Odyssey Sims,DAL,G,35,501,35,11,501,57,148,.385,15,50,.300,42,98,.429,33,39,.846,5,33,70,18,2,35,40,162
Kamiah Smalls,POR,G,2,30,2,1,30,5,10,.500,4,7,.571,1,3,.333,1,1,1.000,0,0,6,0,0,4,2,15
Player,Team,Pos,G,MP,G,GS,MP,FG,FGA,FG%,3P,3PA,3P%,2P,2PA,2P%,FT,FTA,FT%,ORB,TRB,AST,STL,BLK,TOV,PF,PTS
Alanna Smith,DAL,F,32,572,32,18,572,75,164,.457,18,69,.261,57,95,.600,25,37,.676,36,126,33,23,15,38,76,193
NaLyssa Smith,LVA,F,38,925,38,38,925,183,287,.638,1,8,.125,182,279,.652,77,134,.575,84,244,34,24,25,33,121,444
Miela Sowah,GSV,G,7,24,7,0,24,1,10,.100,0,8,.000,1,2,.500,0,0,,1,5,0,0,0,4,3,2
Azura Stevens,CHI,F-C,32,784,32,31,784,129,303,.426,28,110,.255,101,193,.523,53,68,.779,42,205,67,27,24,52,95,339
Breanna Stewart,NYL,F,42,1384,42,42,1384,300,633,.474,31,122,.254,269,511,.526,244,290,.841,64,348,137,57,54,85,90,875
Kiah Stokes,GSV,C,43,957,43,43,957,63,145,.434,20,69,.290,43,76,.566,8,19,.421,53,248,55,25,74,23,98,154
Marta Suárez,PHO,F,19,178,19,0,178,24,53,.453,7,20,.350,17,33,.515,11,16,.688,9,28,7,4,1,13,39,66
Brittney Sykes,TOR,G,17,500,17,17,500,102,244,.418,16,62,.258,86,182,.473,96,107,.897,16,59,57,20,8,36,41,316
Stephanie Talbot,LVA,F,44,763,44,43,763,70,145,.483,23,77,.299,47,68,.691,13,19,.684,33,115,46,31,13,30,70,176
Sydney Taylor,CHI,G,37,761,37,26,761,176,420,.419,71,223,.318,105,197,.533,81,103,.786,12,63,73,25,9,58,94,504
Taylor Thierry,SEA,G-F,17,165,17,0,165,11,31,.355,6,16,.375,5,15,.333,5,6,.833,14,29,8,4,0,3,17,33
Alyssa Thomas,PHO,F,42,1393,42,42,1393,231,443,.521,1,3,.333,230,440,.523,136,198,.687,69,328,358,56,20,147,106,599
Kayla Thornton,GSV,F,44,1070,44,44,1070,109,302,.361,66,190,.347,43,112,.384,56,62,.903,56,198,30,29,11,29,89,340
Makayla Timpson,IND,F-C,43,820,43,14,820,100,156,.641,0,0,,100,156,.641,43,62,.694,64,209,22,26,34,34,87,243
Brianna Turner,LVA,F-C,41,541,41,7,541,31,56,.554,0,0,,31,56,.554,2,2,1.000,21,94,9,11,24,25,59,64
Courtney Vandersloot,CHI,G,27,605,27,24,605,90,198,.455,27,66,.409,63,132,.477,51,65,.785,11,78,147,31,7,56,44,258
Hailey Van Lith,CON,G,22,349,22,3,349,48,113,.425,12,37,.324,36,76,.474,12,14,.857,6,36,47,16,4,26,28,120
Julie Vanloo,NYL,G,5,81,5,0,81,9,17,.529,7,14,.500,2,3,.667,4,4,1.000,1,10,27,2,0,12,11,29
Costanza Verona,DAL,G,1,6,1,0,6,2,2,1.000,0,0,,2,2,1.000,0,0,,0,0,2,0,0,0,0,4
Erica Wheeler,LAS,G,43,1124,43,41,1124,142,353,.402,60,184,.326,82,169,.485,41,47,.872,10,82,217,38,4,78,116,385
Player,Team,Pos,G,MP,G,GS,MP,FG,FGA,FG%,3P,3PA,3P%,2P,2PA,2P%,FT,FTA,FT%,ORB,TRB,AST,STL,BLK,TOV,PF,PTS
Sami Whitcomb,PHO,G,21,366,21,9,366,35,113,.310,27,87,.310,8,26,.308,15,15,1.000,8,36,45,13,2,24,38,112
Christyn Williams,DAL,G,3,11,3,0,11,0,4,.000,0,1,.000,0,3,.000,1,2,.500,0,2,1,0,1,0,0,1
Courtney Williams,MIN,G,43,1282,43,43,1282,250,555,.450,49,133,.368,201,422,.476,43,52,.827,35,208,187,49,11,77,92,592
Elizabeth Williams,CHI,C-F,44,757,44,3,757,93,199,.467,0,0,,93,199,.467,42,93,.452,53,158,60,32,39,33,62,228
Gabby Williams,GSV,F,39,977,39,39,977,202,500,.404,67,196,.342,135,304,.444,89,121,.736,25,128,87,64,6,58,52,560
Peyton Williams,PHO,F,1,6,1,0,6,0,1,.000,0,0,,0,1,.000,0,0,,0,0,2,0,1,0,0,0
Serah Williams,POR,F,39,512,39,3,512,67,123,.545,1,2,.500,66,121,.545,32,52,.615,36,106,18,19,16,31,75,167
A'ja Wilson,LVA,C,41,1311,41,41,1311,378,717,.527,38,94,.404,340,623,.546,279,323,.864,75,384,132,58,79,97,75,1073
Ally Wilson,WAS,G,4,58,4,0,58,4,15,.267,2,11,.182,2,4,.500,2,3,.667,5,7,3,0,1,2,7,12
Holly Winterburn,POR,G,29,325,29,1,325,42,107,.393,10,53,.189,32,54,.593,22,24,.917,10,40,51,16,1,31,32,116
Han Xu,NYL,C,44,603,44,2,603,105,210,.500,36,92,.391,69,118,.585,31,36,.861,35,109,31,13,28,20,41,277
Mai Yamamoto,LVA,G,14,212,14,0,212,23,62,.371,16,42,.381,7,20,.350,9,9,1.000,4,16,20,11,0,7,18,71
Jackie Young,LVA,G,43,1390,43,43,1390,293,601,.488,100,261,.383,193,340,.568,128,138,.928,32,189,293,38,11,105,89,814
Li Yueru,DAL,C,33,341,33,0,341,31,81,.383,8,35,.229,23,46,.500,40,53,.755,30,93,15,4,11,21,47,110
Cecilia Zandalasini,GSV,F,37,703,37,34,703,116,295,.393,48,148,.324,68,147,.463,38,46,.826,11,79,64,32,6,50,72,318
Laura Ziegler,LAS,F,3,29,3,0,29,3,8,.375,0,3,.000,3,5,.600,2,3,.667,1,4,3,1,1,0,5,8
Monique Akoa Makani,TOT,G,30,653,30,17,653,75,181,.414,30,78,.385,45,103,.437,49,58,.845,5,55,67,29,8,62,84,229
Chloe Bibby,TOT,F,9,107,9,0,107,16,39,.410,10,28,.357,6,11,.545,2,2,1.000,0,9,8,2,3,9,10,44
DeWanna Bonner,TOT,F-G,42,1125,42,26,1125,144,358,.402,51,183,.279,93,175,.531,97,115,.843,36,252,66,46,29,34,69,436
Lexi Held,TOT,G,42,645,42,11,645,77,199,.387,37,100,.370,40,99,.404,34,39,.872,15,46,60,21,6,37,57,225
Player,Team,Pos,G,MP,G,GS,MP,FG,FGA,FG%,3P,3PA,3P%,2P,2PA,2P%,FT,FTA,FT%,ORB,TRB,AST,STL,BLK,TOV,PF,PTS
Haley Jones,TOT,F-G,10,79,10,0,79,13,23,.565,0,3,.000,13,20,.650,6,8,.750,5,17,9,3,0,7,10,32
Betnijah Laney-Hamilton,TOT,G-F,30,487,30,5,487,44,117,.376,16,58,.276,28,59,.475,30,37,.811,8,56,56,12,4,35,40,134
Ta'Niya Latson,TOT,G,19,106,19,0,106,16,35,.457,4,10,.400,12,25,.480,23,30,.767,4,15,7,1,1,12,11,59
Anneli Maley,TOT,F,11,82,11,0,82,1,15,.067,1,6,.167,0,9,.000,5,6,.833,5,12,4,5,1,1,15,8
Kate Martin,TOT,G,19,146,19,0,146,17,41,.415,10,30,.333,7,11,.636,5,8,.625,5,19,8,5,3,4,22,49
Aneesah Morrow,TOT,F,27,599,27,10,599,114,270,.422,23,84,.274,91,186,.489,45,70,.643,69,224,39,24,13,42,59,296
Ndjakalenga Mwenentanda,TOT,G,7,45,7,0,45,2,9,.222,1,4,.250,1,5,.200,4,6,.667,4,9,3,1,0,6,6,9
Aaliyah Nye,TOT,G-F,20,57,20,0,57,6,17,.353,5,13,.385,1,4,.250,3,3,1.000,1,6,4,1,1,3,0,20
Amy Okonkwo,TOT,F,5,50,5,0,50,9,22,.409,5,15,.333,4,7,.571,3,4,.750,2,6,1,5,0,2,5,26
Kelsey Plum,TOT,G,17,519,17,15,519,126,243,.519,40,106,.377,86,137,.628,74,91,.813,3,35,91,17,0,48,56,366
Saylor Poffenbarger,TOT,F,7,49,7,0,49,1,9,.111,1,9,.111,0,0,,0,0,,1,10,1,3,0,1,5,3
Jaylyn Sherrod,TOT,G,13,99,13,1,99,8,32,.250,2,7,.286,6,25,.240,7,7,1.000,2,12,14,10,2,7,14,25
Sug Sutton,TOT,G,25,257,25,2,257,34,74,.459,7,26,.269,27,48,.563,9,14,.643,2,21,50,9,2,21,21,84
Grace VanSlooten,TOT,F,19,94,19,0,94,11,14,.786,2,3,.667,9,11,.818,10,15,.667,2,12,4,4,4,4,8,34
Shatori Walker-Kimbrough,TOT,G,15,46,15,0,46,6,10,.600,1,1,1.000,5,9,.556,4,4,1.000,0,6,8,2,0,4,2,17
Maddy Westbeld,TOT,F,10,120,10,0,120,8,31,.258,4,14,.286,4,17,.235,6,6,1.000,6,18,6,5,2,8,22,26
Kiana Williams,TOT,G,24,310,24,0,310,35,100,.350,19,67,.284,16,33,.485,9,12,.750,1,10,29,9,1,20,26,98
Monique Akoa Makani,PHO,G,19,444,19,16,444,58,132,.439,24,55,.436,34,77,.442,38,44,.864,2,39,48,22,4,38,57,178
Chloe Bibby,CHI,F,4,51,4,0,51,8,20,.400,4,12,.333,4,8,.500,2,2,1.000,0,2,6,2,1,2,5,22
DeWanna Bonner,PHO,F-G,37,1021,37,26,1021,130,330,.394,44,168,.262,86,162,.531,89,105,.848,30,225,57,43,29,29,62,393
Player,Team,Pos,G,MP,G,GS,MP,FG,FGA,FG%,3P,3PA,3P%,2P,2PA,2P%,FT,FTA,FT%,ORB,TRB,AST,STL,BLK,TOV,PF,PTS
Lexi Held,TOR,G,8,60,8,0,60,3,10,.300,2,4,.500,1,6,.167,1,1,1.000,3,6,7,1,0,4,7,9
Haley Jones,POR,F-G,5,57,5,0,57,10,17,.588,0,3,.000,10,14,.714,6,8,.750,2,11,5,2,0,6,9,26
Betnijah Laney-Hamilton,NYL,G-F,17,285,17,5,285,25,69,.362,9,37,.243,16,32,.500,21,26,.808,3,32,26,5,3,26,25,80
Ta'Niya Latson,LAS,G,10,50,10,0,50,3,11,.273,1,4,.250,2,7,.286,11,15,.733,3,10,3,0,0,7,3,18
Anneli Maley,PHO,F,2,6,2,0,6,0,2,.000,0,0,,0,2,.000,1,2,.500,0,2,0,0,0,0,1,1
Kate Martin,LAS,G,17,120,17,0,120,13,35,.371,8,26,.308,5,9,.556,5,8,.625,5,19,6,5,3,3,15,39
Aneesah Morrow,CON,F,20,463,20,9,463,91,216,.421,19,67,.284,72,149,.483,30,48,.625,53,178,33,19,9,34,42,231
Ndjakalenga Mwenentanda,GSV,G,5,13,5,0,13,0,1,.000,0,1,.000,0,0,,0,0,,1,2,2,0,0,1,1,0
Aaliyah Nye,ATL,G-F,19,43,19,0,43,4,12,.333,3,9,.333,1,3,.333,3,3,1.000,0,3,3,1,1,2,0,14
Amy Okonkwo,ATL,F,1,1,1,0,1,0,1,.000,0,1,.000,0,0,,1,2,.500,0,1,0,0,0,0,1,1
Kelsey Plum,LAS,G,12,414,12,12,414,99,188,.527,31,81,.383,68,107,.636,58,72,.806,3,26,77,14,0,37,41,287
Saylor Poffenbarger,CHI,F,5,26,5,0,26,0,4,.000,0,4,.000,0,0,,0,0,,1,6,1,2,0,0,3,0
Jaylyn Sherrod,ATL,G,10,71,10,1,71,7,24,.292,2,5,.400,5,19,.263,7,7,1.000,0,9,11,5,2,3,11,23
Sug Sutton,POR,G,3,68,3,2,68,13,31,.419,2,8,.250,11,23,.478,6,10,.600,1,5,17,2,0,6,5,34
Grace VanSlooten,SEA,F,4,48,4,0,48,5,8,.625,2,3,.667,3,5,.600,5,8,.625,1,6,3,4,3,1,2,17
Shatori Walker-Kimbrough,IND,G,2,7,2,0,7,0,1,.000,0,0,,0,1,.000,0,0,,0,0,0,0,0,1,0,0
Maddy Westbeld,CHI,F,3,28,3,0,28,1,6,.167,1,5,.200,0,1,.000,0,0,,2,4,2,0,0,1,6,3
Kiana Williams,PHO,G,8,105,8,0,105,12,33,.364,9,25,.360,3,8,.375,5,5,1.000,0,3,4,4,1,6,10,38
Amy Okonkwo,POR,F,4,49,4,0,49,9,21,.429,5,14,.357,4,7,.571,2,2,1.000,2,5,1,5,0,2,4,25
Anneli Maley,NYL,F,9,76,9,0,76,1,13,.077,1,6,.167,0,7,.000,4,4,1.000,5,10,4,5,1,1,14,7
Player,Team,Pos,G,MP,G,GS,MP,FG,FGA,FG%,3P,3PA,3P%,2P,2PA,2P%,FT,FTA,FT%,ORB,TRB,AST,STL,BLK,TOV,PF,PTS
Shatori Walker-Kimbrough,ATL,G,13,39,13,0,39,6,9,.667,1,1,1.000,5,8,.625,4,4,1.000,0,6,8,2,0,3,2,17
Sug Sutton,DAL,G,22,189,22,0,189,21,43,.488,5,18,.278,16,25,.640,3,4,.750,1,16,33,7,2,15,16,50
Maddy Westbeld,PHO,F,7,92,7,0,92,7,25,.280,3,9,.333,4,16,.250,6,6,1.000,4,14,4,5,2,7,16,23
Chloe Bibby,MIN,F,5,56,5,0,56,8,19,.421,6,16,.375,2,3,.667,0,0,,0,7,2,0,2,7,5,22
Grace VanSlooten,IND,F,15,46,15,0,46,6,6,1.000,0,0,,6,6,1.000,5,7,.714,1,6,1,0,1,3,6,17
Haley Jones,DAL,F-G,5,22,5,0,22,3,6,.500,0,0,,3,6,.500,0,0,,3,6,4,1,0,1,1,6
Ndjakalenga Mwenentanda,LAS,G,2,32,2,0,32,2,8,.250,1,3,.333,1,5,.200,4,6,.667,3,7,1,1,0,5,5,9
Saylor Poffenbarger,PHO,F,2,23,2,0,23,1,5,.200,1,5,.200,0,0,,0,0,,0,4,0,1,0,1,2,3
Lexi Held,PHO,G,34,585,34,11,585,74,189,.392,35,96,.365,39,93,.419,33,38,.868,12,40,53,20,6,33,50,216
Kiana Williams,LAS,G,13,146,13,0,146,17,46,.370,7,31,.226,10,15,.667,1,3,.333,1,6,21,4,0,10,14,42
Ta'Niya Latson,LVA,G,9,56,9,0,56,13,24,.542,3,6,.500,10,18,.556,12,15,.800,1,5,4,1,1,5,8,41
Jaylyn Sherrod,SEA,G,3,28,3,0,28,1,8,.125,0,2,.000,1,6,.167,0,0,,2,3,3,5,0,4,3,2
Kelsey Plum,PHO,G,5,105,5,3,105,27,55,.491,9,25,.360,18,30,.600,16,19,.842,0,9,14,3,0,11,15,79
Betnijah Laney-Hamilton,WAS,G-F,13,202,13,0,202,19,48,.396,7,21,.333,12,27,.444,9,11,.818,5,24,30,7,1,9,15,54
Kate Martin,CHI,G,2,26,2,0,26,4,6,.667,2,4,.500,2,2,1.000,0,0,,0,0,2,0,0,1,7,10
Monique Akoa Makani,LAS,G,11,209,11,1,209,17,49,.347,6,23,.261,11,26,.423,11,14,.786,3,16,19,7,4,24,27,51
Aaliyah Nye,LAS,G-F,1,14,1,0,14,2,5,.400,2,4,.500,0,1,.000,0,0,,1,3,1,0,0,1,0,6
Aneesah Morrow,TOR,F,7,136,7,1,136,23,54,.426,4,17,.235,19,37,.514,15,22,.682,16,46,6,5,4,8,17,65
Kiana Williams,TOR,G,3,59,3,0,59,6,21,.286,3,11,.273,3,10,.300,3,4,.750,0,1,4,1,0,4,2,18
DeWanna Bonner,ATL,F-G,5,104,5,0,104,14,28,.500,7,15,.467,7,13,.538,8,10,.800,6,27,9,3,0,5,7,43
